Workbook

Sheet Resolved_megares_update_genes_0
A1: Gene_Accession | B1: ED_confirmation | C1: Notes | D1: ED_SNP | E1: Group | F1: Length | G1: Similarity | H1: Source_Database | I1: Type | J1: Class | K1: Mechanism | L1: Group | M1: SNP | N1: Annotation_Status | O1: Mismatch_Groups | P1: Cluster_ID | Q1: Inheritted_matches? | R1: New_Group
A2: BAC0568|actP|sp|Q9X5V3|ATCU_RHILV | B2: done | E2: ACTP | F2: 841 | G2: 100 | H2: BacMet | I2: Multi-compound | J2: Biocide and metal resistance | K2: Biocide and metal resistance protein | L2: ACTP | N2: Needs new annotations | P2: 1722 | Q2: No | R2: No
A3: BAC0040|baeS|sp|P30847|BAES_ECOLI | B3: done | E3: BAES | F3: 467 | G3: 100 | H3: BacMet | I3: Multi-compound | J3: Drug and biocide and metal resistance | K3: Drug and biocide and metal RND efflux regulator | L3: BAES | N3: Needs new annotations | P3: 2675 | Q3: No | R3: No
A4: BAC0597|baeS|tr|D0ZNE2|D0ZNE2_SALT1 | B4: done | E4: BAES | F4: 467 | G4: 100 | H4: BacMet | I4: Multi-compound | J4: Drug and biocide and metal resistance | K4: Drug and biocide and metal RND efflux regulator | L4: BAES | N4: Needs new annotations | P4: 2676 | Q4: No | R4: No
A5: BAC0054|bmrR|sp|P39075|BMRR_BACSU | B5: done | E5: BMRR | F5: 278 | G5: 100 | H5: BacMet | I5: Multi-compound | J5: Drug and biocide resistance | K5: Multidrug-efflux transporter regulator | L5: BMRR | N5: Needs new annotations | P5: 3184 | Q5: No | R5: No
A6: BAC0361|chrI|tr|Q1L9W3|Q1L9W3_RALME | B6: done | E6: CHRI | F6: 164 | G6: 100 | H6: BacMet | I6: Metals | J6: Chromium resistance | K6: Chromium resistance regulator | L6: CHRI | N6: Needs new annotations | P6: 3368 | Q6: No | R6: No
A7: BAC0501|emrCsm|tr|B2FIC8|B2FIC8_STRMK | B7: done | E7: EMRCSM | F7: 497 | G7: 100 | H7: BacMet | I7: Multi-compound | J7: Drug and biocide resistance | K7: Drug and biocide MFS efflux pumps | L7: EMRCSM | N7: Needs new annotations | P7: 2586 | Q7: No | R7: No
A8: BAC0158|fabL/ygaA|sp|P71079|FABL_BACSU | B8: done | E8: FABL | F8: 250 | G8: 100 | H8: BacMet | I8: Biocides | J8: Phenolic compound resistance | K8: Phenolic resistance protein | L8: FABL | N8: Needs new annotations | P8: 3226 | Q8: No | R8: No
A9: BAC0216|mdtI/ydgE|sp|P69210|MDTI_ECOLI | B9: done | E9: MDTI | F9: 109 | G9: 100 | H9: BacMet | I9: Multi-compound | J9: Drug and biocide resistance | K9: Drug and biocide SMR efflux pumps | L9: MDTI | N9: Needs new annotations | P9: 3505 | Q9: No | R9: No
A10: BAC0758|abuO|tr|B0VDE7|B0VDE7_ACIBY | B10: done | E10: ABUO | F10: 448 | G10: 100 | H10: BacMet | I10: Biocides | J10: Multi-biocide resistance | K10: Multi-biocide RND efflux pump | L10: ABUO | N10: Inherited without clustering | P10: 2732 | Q10: No | R10: No
A11: BAC0038|asr|sp|P36560|ASR_ECOLI | B11: done | E11: ASR | F11: 102 | G11: 100 | H11: BacMet | I11: Biocides | J11: Acid resistance | K11: Acid resistance protein | L11: ASR | N11: Inherited without clustering | P11: 3524 | Q11: No | R11: No
A12: BAC0051|bltD|sp|P39909|BLTD_BACSU | B12: done | E12: BLTD | F12: 152 | G12: 100 | H12: BacMet | I12: Biocides | J12: Polyamine resistance | K12: Spermine/spermidine acetyltransferase | L12: BLTD | N12: Inherited without clustering | P12: 3382 | Q12: No | R12: No
A13: BAC0052|bltR|sp|P39842|BLTR_BACSU | B13: done | E13: BLTR | F13: 273 | G13: 100 | H13: BacMet | I13: Biocides | J13: Multi-biocide resistance | K13: Multi-biocide resistance regulator | L13: BLTR | N13: Inherited without clustering | P13: 3194 | Q13: No | R13: No
... A750: BAC0466|zraP|sp|Q9L9I0|ZRAP_SALTY | B750: done | E750: ZRAP | F750: 151 | G750: 100 | H750: BacMet | I750: Metals | J750: Zinc resistance | K750: Zinc resistance regulator | L750: ZRAP | N750: Needs new annotations | P750: 3385 | Q750: No | R750: Yes
A751: gb|BA000007.3|+|4990267-4994296|ARO:3003288|Ecol_rpoB_RIF | B751: done | D751: InheritedSNPconfirmation | E751: RPOB | F751: 4029 | G751: 90.94 | H751: CARD | I751: Drugs | J751: Rifampin | K751: Rifampin-resistant beta-subunit of RNA polymerase RpoB | L751: RPOB | M751: RequiresSNPConfirmation | N751: Inherited annotations | P751: 43 | Q751: Yes | R751: No
A752: gb|NG_067968.1|+|100-655|ARO:3007770|aac(6')-Ib-cr10 | B752: done | E752: AAC6-PRIME | F752: 555 | G752: 99.1 | H752: CARD | I752: Drugs | J752: Aminoglycosides | K752: Aminoglycoside N-acetyltransferase | L752: AAC6-PRIME | N752: Mismatch in cluster | O752: Drugs|Aminoglycosides|Aminoglycoside_N-acetyltransferases|AAC6-PRIME ; Drugs|betalactams|Class_D_betalactamases|OXA | P752: 191 | Q752: Yes | R752: No
A753: gb|NG_067969.1|+|100-655|ARO:3007771|aac(6')-Ib-cr11 | B753: done | E753: AAC6-PRIME | F753: 555 | G753: 99.1 | H753: CARD | I753: Drugs | J753: Aminoglycosides | K753: Aminoglycoside N-acetyltransferase | L753: AAC6-PRIME | N753: Mismatch in cluster | O753: Drugs|Aminoglycosides|Aminoglycoside_N-acetyltransferases|AAC6-PRIME ; Drugs|betalactams|Class_D_betalactamases|OXA | P753: 191 | Q753: Yes | R753: No
A754: gb|AF043100.1|+|1-775|ARO:3001411|OXA-16 | B754: done | E754: OXA | F754: 774 | G754: 99.35 | H754: CARD | I754: Drugs | J754: betalactams | K754: Class D betalactamases | L754: OXA | N754: Mismatch in cluster | O754: Drugs|Aminoglycosides|Aminoglycoside_N-acetyltransferases|AAC6-PRIME ; Drugs|betalactams|Class_D_betalactamases|OXA | P754: 191 | Q754: Yes | R754: No
A755: gb|LC664104.1|+|0-801|ARO:3008472|OXA-1053 | B755: done | E755: OXA | F755: 801 | G755: 96.25 | H755: CARD | I755: Drugs | J755: betalactams | K755: Class D betalactamases | L755: OXA | N755: Mismatch in cluster | O755: Drugs|Aminoglycosides|Aminoglycoside_N-acetyltransferases|AAC6-PRIME ; Drugs|betalactams|Class_D_betalactamases|OXA | P755: 191 | Q755: Yes | R755: No
A756: gb|ON651492.1|+|0-801|ARO:3008505|OXA-1087 | B756: done | E756: OXA | F756: 801 | G756: 96.25 | H756: CARD | I756: Drugs | J756: betalactams | K756: Class D betalactamases | L756: OXA | N756: Mismatch in cluster | O756: Drugs|Aminoglycosides|Aminoglycoside_N-acetyltransferases|AAC6-PRIME ; Drugs|betalactams|Class_D_betalactamases|OXA | P756: 191 | Q756: Yes | R756: No
A757: gb|OR025344.1|+|0-801|ARO:3008616|OXA-1204 | B757: done | E757: OXA | F757: 801 | G757: 96.25 | H757: CARD | I757: Drugs | J757: betalactams | K757: Class D betalactamases | L757: OXA | N757: Mismatch in cluster | O757: Drugs|Aminoglycosides|Aminoglycoside_N-acetyltransferases|AAC6-PRIME ; Drugs|betalactams|Class_D_betalactamases|OXA | P757: 191 | Q757: Yes | R757: No
A758: gb|PP766715.1|+|0-801|ARO:3008657|OXA-1247 | B758: done | E758: OXA | F758: 801 | G758: 96.25 | H758: CARD | I758: Drugs | J758: betalactams | K758: Class D betalactamases | L758: OXA | N758: Mismatch in cluster | O758: Drugs|Aminoglycosides|Aminoglycoside_N-acetyltransferases|AAC6-PRIME ; Drugs|betalactams|Class_D_betalactamases|OXA | P758: 191 | Q758: Yes | R758: No
A759: gb|OQ948126.1|+|0-801|ARO:3008614|OXA-1202 | B759: done | E759: OXA | F759: 801 | G759: 96.38 | H759: CARD | I759: Drugs | J759: betalactams | K759: Class D betalactamases | L759: OXA | N759: Mismatch in cluster | O759: Drugs|Aminoglycosides|Aminoglycoside_N-acetyltransferases|AAC6-PRIME ; Drugs|betalactams|Class_D_betalactamases|OXA | P759: 191 | Q759: Yes | R759: No
A760: gb|PP328943.1|+|0-801|ARO:3008642|OXA-1232 | B760: done | E760: OXA | F760: 801 | G760: 96.38 | H760: CARD | I760: Drugs | J760: betalactams | K760: Class D betalactamases | L760: OXA | N760: Mismatch in cluster | O760: Drugs|Aminoglycosides|Aminoglycoside_N-acetyltransferases|AAC6-PRIME ; Drugs|betalactams|Class_D_betalactamases|OXA | P760: 191 | Q760: Yes | R760: No
A761: gb|MZ449318.1|+|0-801|ARO:3008436|OXA-1015 | B761: done | E761: OXA | F761: 801 | G761: 96.5 | H761: CARD | I761: Drugs | J761: betalactams | K761: Class D betalactamases | L761: OXA | N761: Mismatch in cluster | O761: Drugs|Aminoglycosides|Aminoglycoside_N-acetyltransferases|AAC6-PRIME ; Drugs|betalactams|Class_D_betalactamases|OXA | P761: 191 | Q761: Yes | R761: No
A762: gb|ON721379.1|+|0-801|ARO:3008538|OXA-1120 | B762: done | E762: OXA | F762: 801 | G762: 96.5 | H762: CARD | I762: Drugs | J762: betalactams | K762: Class D betalactamases | L762: OXA | N762: Mismatch in cluster | O762: Drugs|Aminoglycosides|Aminoglycoside_N-acetyltransferases|AAC6-PRIME ; Drugs|betalactams|Class_D_betalactamases|OXA | P762: 191 | Q762: Yes | R762: No
A763: gb|OP806897.1|+|0-801|ARO:3008588|OXA-1170 | B763: done | E763: OXA | F763: 801 | G763: 96.5 | H763: CARD | I763: Drugs | J763: betalactams | K763: Class D betalactamases | L763: OXA | N763: Mismatch in cluster | O763: Drugs|Aminoglycosides|Aminoglycoside_N-acetyltransferases|AAC6-PRIME ; Drugs|betalactams|Class_D_betalactamases|OXA | P763: 191 | Q763: Yes | R763: No
... A779: gb|OP806895.1|+|0-813|ARO:3008586|OXA-1168 | B779: done | E779: OXA | F779: 813 | G779: 95.2 | H779: CARD | I779: Drugs | J779: betalactams | K779: Class D betalactamases | L779: OXA | N779: Mismatch in cluster | O779: Drugs|Aminoglycosides|Aminoglycoside_N-acetyltransferases|AAC6-PRIME ; Drugs|betalactams|Class_D_betalactamases|OXA | P779: 191 | Q779: Yes | R779: No
A780: gb|NZ_JARETA010000011.1|+|134188-136825|ARO:3007751|Sisa_gyrA_FLO | B780: done | D780: InheritedSNPconfirmation | E780: GYRA | F780: 2637 | G780: 88.51 | H780: CARD | I780: Drugs | J780: Fluoroquinolones | K780: Fluoroquinolone-resistant DNA topoisomerases | L780: GYRA | M780: RequiresSNPConfirmation | N780: Inherited annotations | P780: 207 | Q780: Yes | R780: No
A781: gb|NZ_JARETA010000016.1|+|58093-60508|ARO:3007752|Sisa_gyrB_FLO | B781: done | E781: GYRB | F781: 2415 | G781: 88.9 | H781: CARD | I781: Drugs | J781: Fluoroquinolones | K781: Fluoroquinolone-resistant DNA topoisomerases | L781: GYRB | N781: Mismatch in cluster | O781: Drugs|Fluoroquinolones|Fluoroquinolone-resistant_DNA_topoisomerases|GYRB ; Drugs|Aminocoumarins|Aminocoumarin-resistant_DNA_topoisomerases|GYRBA | P781: 273 | Q781: Yes | R781: No
A782: gb|MT990446.1|+|54-1044|ARO:3007837|CARB-58 | B782: done | E782: CARB | F782: 990 | G782: 84.75 | H782: CARD | I782: Drugs | J782: betalactams | K782: Class A betalactamases | L782: CARB | N782: Mismatch in cluster | O782: Drugs|Aminoglycosides|Aminoglycoside_O-nucleotidyltransferases|ANT2-DPRIME ; Drugs|betalactams|Class_A_betalactamases|CARB ; Drugs|betalactams|Class_A_betalactamases|PSE | P782: 421 | Q782: Yes | R782: No
A783: gb|MH598530.1|+|0-1698|ARO:3007227|MCR-8.3 | B783: done | E783: MCR | F783: 1698 | G783: 95.35 | H783: CARD | I783: Drugs | J783: Lipopeptides | K783: Colistin phosphoethanolamine transferase | L783: MCR | N783: Inherited annotations | P783: 490 | Q783: Yes | R783: No
A784: gb|MH791448.1|+|0-1698|ARO:3007228|MCR-8.4 | B784: done | E784: MCR | F784: 1698 | G784: 95.35 | H784: CARD | I784: Drugs | J784: Lipopeptides | K784: Colistin phosphoethanolamine transferase | L784: MCR | N784: Inherited annotations | P784: 490 | Q784: Yes | R784: No
A785: gb|MK965519.1|-|5046-6690|ARO:3007281|MCR-5.4 | B785: done | E785: MCR | F785: 1644 | G785: 99.88 | H785: CARD | I785: Drugs | J785: Lipopeptides | K785: Colistin phosphoethanolamine transferase | L785: MCR | N785: Inherited annotations | P785: 522 | Q785: Yes | R785: No
A786: gb|MN873697.1|+|0-1626|ARO:3007234|MCR-1.23 | B786: done | E786: MCR | F786: 1626 | G786: 99.2 | H786: CARD | I786: Drugs | J786: Lipopeptides | K786: Colistin phosphoethanolamine transferase | L786: MCR | N786: Inherited annotations | P786: 531 | Q786: Yes | R786: No
A787: gb|MN879257.1|+|0-1626|ARO:3007243|MCR-1.24 | B787: done | E787: MCR | F787: 1626 | G787: 99.2 | H787: CARD | I787: Drugs | J787: Lipopeptides | K787: Colistin phosphoethanolamine transferase | L787: MCR | N787: Inherited annotations | P787: 531 | Q787: Yes | R787: No
A788: gb|MN879259.1|+|0-1626|ARO:3007247|MCR-1.25 | B788: done | E788: MCR | F788: 1626 | G788: 99.88 | H788: CARD | I788: Drugs | J788: Lipopeptides | K788: Colistin phosphoethanolamine transferase | L788: MCR | N788: Inherited annotations | P788: 531 | Q788: Yes | R788: No
A789: gb|MF084991.1|+|0-1626|ARO:3007289|MCR-1.32 | B789: done | E789: MCR | F789: 1626 | G789: 99.88 | H789: CARD | I789: Drugs | J789: Lipopeptides | K789: Colistin phosphoethanolamine transferase | L789: MCR | N789: Inherited annotations | P789: 531 | Q789: Yes | R789: No
A790: gb|MZ450868.1|+|0-1626|ARO:3007230|MCR-1.34 | B790: done | E790: MCR | F790: 1626 | G790: 99.94 | H790: CARD | I790: Drugs | J790: Lipopeptides | K790: Colistin phosphoethanolamine transferase | L790: MCR | N790: Inherited annotations | P790: 531 | Q790: Yes | R790: No
A791: gb|MT770924.1|+|0-1626|ARO:3007236|MCR-1.28 | B791: done | E791: MCR | F791: 1626 | G791: 99.94 | H791: CARD | I791: Drugs | J791: Lipopeptides | K791: Colistin phosphoethanolamine transferase | L791: MCR | N791: Inherited annotations | P791: 531 | Q791: Yes | R791: No
A792: gb|MN017134.1|+|0-1626|ARO:3007239|MCR-1.22 | B792: done | E792: MCR | F792: 1626 | G792: 99.94 | H792: CARD | I792: Drugs | J792: Lipopeptides | K792: Colistin phosphoethanolamine transferase | L792: MCR | N792: Inherited annotations | P792: 531 | Q792: Yes | R792: No
A793: gb|MT731964.1|+|0-1626|ARO:3007241|MCR-1.29 | B793: done | E793: MCR | F793: 1626 | G793: 99.94 | H793: CARD | I793: Drugs | J793: Lipopeptides | K793: Colistin phosphoethanolamine transferase | L793: MCR | N793: Inherited annotations | P793: 531 | Q793: Yes | R793: No
A794: gb|MT731965.1|+|0-1626|ARO:3007242|MCR-1.30 | B794: done | E794: MCR | F794: 1626 | G794: 99.94 | H794: CARD | I794: Drugs | J794: Lipopeptides | K794: Colistin phosphoethanolamine transferase | L794: MCR | N794: Inherited annotations | P794: 531 | Q794: Yes | R794: No
... A815: gb|MT757844.1|+|0-1617|ARO:3007288|MCR-2.6 | B815: done | E815: MCR | F815: 1617 | G815: 96.35 | H815: CARD | I815: Drugs | J815: Lipopeptides | K815: Colistin phosphoethanolamine transferase | L815: MCR | N815: Inherited annotations | P815: 544 | Q815: Yes | R815: No
A816: gb|OP142444.1|+|0-1137|ARO:3008385|MOX-17 | B816: done | E816: MOX | F816: 1137 | G816: 90.33 | H816: CARD | I816: Drugs | J816: betalactams | K816: Class C betalactamases | L816: MOX | N816: Mismatch in cluster | O816: Drugs|betalactams|Class_C_betalactamases|AQU ; Drugs|betalactams|Class_C_betalactamases|CEPH ; Drugs|betalactams|Class_C_betalactamases|CMY ; Drugs|betalactams|Class_C_betalactamases|MOX | P816: 568 | Q816: Yes | R816: No
A817: gb|LC732556.1|+|0-1149|ARO:3008389|MOX-21 | B817: done | E817: MOX | F817: 1149 | G817: 90.51 | H817: CARD | I817: Drugs | J817: betalactams | K817: Class C betalactamases | L817: MOX | N817: Mismatch in cluster | O817: Drugs|betalactams|Class_C_betalactamases|AQU ; Drugs|betalactams|Class_C_betalactamases|CEPH ; Drugs|betalactams|Class_C_betalactamases|CMY ; Drugs|betalactams|Class_C_betalactamases|MOX | P817: 568 | Q817: Yes | R817: No
A818: gb|LC733693.1|+|0-1149|ARO:3008391|MOX-23 | B818: done | E818: MOX | F818: 1149 | G818: 92.52 | H818: CARD | I818: Drugs | J818: betalactams | K818: Class C betalactamases | L818: MOX | N818: Mismatch in cluster | O818: Drugs|betalactams|Class_C_betalactamases|AQU ; Drugs|betalactams|Class_C_betalactamases|CEPH ; Drugs|betalactams|Class_C_betalactamases|CMY ; Drugs|betalactams|Class_C_betalactamases|MOX | P818: 568 | Q818: Yes | R818: No
A819: gb|LC733692.1|+|0-1149|ARO:3008390|MOX-22 | B819: done | E819: MOX | F819: 1149 | G819: 92.86 | H819: CARD | I819: Drugs | J819: betalactams | K819: Class C betalactamases | L819: MOX | N819: Mismatch in cluster | O819: Drugs|betalactams|Class_C_betalactamases|AQU ; Drugs|betalactams|Class_C_betalactamases|CEPH ; Drugs|betalactams|Class_C_betalactamases|CMY ; Drugs|betalactams|Class_C_betalactamases|MOX | P819: 568 | Q819: Yes | R819: No
A820: gb|LC732553.1|+|0-1149|ARO:3008386|MOX-18 | B820: done | E820: MOX | F820: 1149 | G820: 93.04 | H820: CARD | I820: Drugs | J820: betalactams | K820: Class C betalactamases | L820: MOX | N820: Mismatch in cluster | O820: Drugs|betalactams|Class_C_betalactamases|AQU ; Drugs|betalactams|Class_C_betalactamases|CEPH ; Drugs|betalactams|Class_C_betalactamases|CMY ; Drugs|betalactams|Class_C_betalactamases|MOX | P820: 568 | Q820: Yes | R820: No
A821: gb|LC732555.1|+|0-1149|ARO:3008388|MOX-20 | B821: done | E821: MOX | F821: 1149 | G821: 93.12 | H821: CARD | I821: Drugs | J821: betalactams | K821: Class C betalactamases | L821: MOX | N821: Mismatch in cluster | O821: Drugs|betalactams|Class_C_betalactamases|AQU ; Drugs|betalactams|Class_C_betalactamases|CEPH ; Drugs|betalactams|Class_C_betalactamases|CMY ; Drugs|betalactams|Class_C_betalactamases|MOX | P821: 568 | Q821: Yes | R821: No
A822: gb|LC659430.1|+|0-1149|ARO:3008384|MOX-16 | B822: done | E822: MOX | F822: 1149 | G822: 97.65 | H822: CARD | I822: Drugs | J822: betalactams | K822: Class C betalactamases | L822: MOX | N822: Mismatch in cluster | O822: Drugs|betalactams|Class_C_betalactamases|AQU ; Drugs|betalactams|Class_C_betalactamases|CEPH ; Drugs|betalactams|Class_C_betalactamases|CMY ; Drugs|betalactams|Class_C_betalactamases|MOX | P822: 568 | Q822: Yes | R822: No
A823: gb|MZ133817.1|+|0-1152|ARO:3008383|MOX-15 | B823: done | E823: MOX | F823: 1152 | G823: 85.5 | H823: CARD | I823: Drugs | J823: betalactams | K823: Class C betalactamases | L823: MOX | N823: Mismatch in cluster | O823: Drugs|betalactams|Class_C_betalactamases|AQU ; Drugs|betalactams|Class_C_betalactamases|CEPH ; Drugs|betalactams|Class_C_betalactamases|CMY ; Drugs|betalactams|Class_C_betalactamases|MOX | P823: 568 | Q823: Yes | R823: No
A824: gb|LC732554.1|+|0-1152|ARO:3008387|MOX-19 | B824: done | E824: MOX | F824: 1152 | G824: 85.5 | H824: CARD | I824: Drugs | J824: betalactams | K824: Class C betalactamases | L824: MOX | N824: Mismatch in cluster | O824: Drugs|betalactams|Class_C_betalactamases|AQU ; Drugs|betalactams|Class_C_betalactamases|CEPH ; Drugs|betalactams|Class_C_betalactamases|CMY ; Drugs|betalactams|Class_C_betalactamases|MOX | P824: 568 | Q824: Yes | R824: No
A825: gb|LC733695.1|+|0-1152|ARO:3008393|MOX-25 | B825: done | E825: MOX | F825: 1152 | G825: 85.68 | H825: CARD | I825: Drugs | J825: betalactams | K825: Class C betalactamases | L825: MOX | N825: Mismatch in cluster | O825: Drugs|betalactams|Class_C_betalactamases|AQU ; Drugs|betalactams|Class_C_betalactamases|CEPH ; Drugs|betalactams|Class_C_betalactamases|CMY ; Drugs|betalactams|Class_C_betalactamases|MOX | P825: 568 | Q825: Yes | R825: No
A826: gb|LC733694.1|+|0-1152|ARO:3008392|MOX-24 | B826: done | E826: MOX | F826: 1152 | G826: 85.76 | H826: CARD | I826: Drugs | J826: betalactams | K826: Class C betalactamases | L826: MOX | N826: Mismatch in cluster | O826: Drugs|betalactams|Class_C_betalactamases|AQU ; Drugs|betalactams|Class_C_betalactamases|CEPH ; Drugs|betalactams|Class_C_betalactamases|CMY ; Drugs|betalactams|Class_C_betalactamases|MOX | P826: 568 | Q826: Yes | R826: No
A827: gb|PQ394548.1|+|0-732|ARO:3008219|IMP-105 | B827: done | E827: IMP | F827: 732 | G827: 99.86 | H827: CARD | I827: Drugs | J827: betalactams | K827: Class B betalactamases | L827: IMP | N827: Mismatch in cluster | O827: Drugs|Aminoglycosides|Aminoglycoside_N-acetyltransferases|AAC6-PRIME ; Drugs|betalactams|Class_B_betalactamases|IMP | P827: 600 | Q827: Yes | R827: No
... A851: gb|JBFSES010000053.1|-|184-1048|ARO:3008191|GES-66 | B851: done | E851: GES | F851: 864 | G851: 99.54 | H851: CARD | I851: Drugs | J851: betalactams | K851: Class A betalactamases | L851: GES | N851: Mismatch in cluster | O851: Drugs|betalactams|Class_A_betalactamases|GES ; Multi-compound|Drug_and_biocide_resistance|Drug_and_biocide_SMR_efflux_pumps|QACE | P851: 602 | Q851: Yes | R851: No
A852: gb|JF274244.1|-|2-863|ARO:3001967|CTX-M-107 | B852: done | E852: CTX | F852: 861 | G852: 99.54 | H852: CARD | I852: Drugs | J852: betalactams | K852: Class A betalactamases | L852: CTX | N852: Inherited annotations | P852: 617 | Q852: Yes | R852: No
A853: gb|JF274245.1|+|1-862|ARO:3001968|CTX-M-108 | B853: done | E853: CTX | F853: 861 | G853: 99.54 | H853: CARD | I853: Drugs | J853: betalactams | K853: Class A betalactamases | L853: CTX | N853: Inherited annotations | P853: 617 | Q853: Yes | R853: No
A854: gb|JF274248.1|-|0-864|ARO:3001969|CTX-M-109 | B854: done | E854: CTX | F854: 864 | G854: 99.31 | H854: CARD | I854: Drugs | J854: betalactams | K854: Class A betalactamases | L854: CTX | N854: Inherited annotations | P854: 617 | Q854: Yes | R854: No
A855: gb|OQ726107.1|+|0-873|ARO:3008149|CTX-M-260 | B855: done | E855: CTX | F855: 873 | G855: 96.79 | H855: CARD | I855: Drugs | J855: betalactams | K855: Class A betalactamases | L855: CTX | N855: Inherited annotations | P855: 617 | Q855: Yes | R855: No
A856: gb|MZ092824.1|+|0-876|ARO:3008136|CTX-M-246 | B856: done | E856: CTX | F856: 876 | G856: 97.03 | H856: CARD | I856: Drugs | J856: betalactams | K856: Class A betalactamases | L856: CTX | N856: Inherited annotations | P856: 617 | Q856: Yes | R856: No
A857: gb|OQ135100.1|+|0-876|ARO:3008153|CTX-M-264 | B857: done | E857: CTX | F857: 876 | G857: 98.63 | H857: CARD | I857: Drugs | J857: betalactams | K857: Class A betalactamases | L857: CTX | N857: Inherited annotations | P857: 617 | Q857: Yes | R857: No
A858: gb|OQ135101.1|+|0-876|ARO:3008154|CTX-M-265 | B858: done | E858: CTX | F858: 876 | G858: 98.86 | H858: CARD | I858: Drugs | J858: betalactams | K858: Class A betalactamases | L858: CTX | N858: Inherited annotations | P858: 617 | Q858: Yes | R858: No
A859: gb|MN928785.1|+|0-876|ARO:3008135|CTX-M-245 | B859: done | E859: CTX | F859: 876 | G859: 99.32 | H859: CARD | I859: Drugs | J859: betalactams | K859: Class A betalactamases | L859: CTX | N859: Inherited annotations | P859: 617 | Q859: Yes | R859: No
A860: gb|OQ135099.1|+|0-876|ARO:3008152|CTX-M-263 | B860: done | E860: CTX | F860: 876 | G860: 99.32 | H860: CARD | I860: Drugs | J860: betalactams | K860: Class A betalactamases | L860: CTX | N860: Inherited annotations | P860: 617 | Q860: Yes | R860: No
A861: gb|OQ135098.1|+|0-876|ARO:3008151|CTX-M-262 | B861: done | E861: CTX | F861: 876 | G861: 99.43 | H861: CARD | I861: Drugs | J861: betalactams | K861: Class A betalactamases | L861: CTX | N861: Inherited annotations | P861: 617 | Q861: Yes | R861: No
A862: gb|OQ942222.1|+|0-876|ARO:3008150|CTX-M-261 | B862: done | E862: CTX | F862: 876 | G862: 99.54 | H862: CARD | I862: Drugs | J862: betalactams | K862: Class A betalactamases | L862: CTX | N862: Inherited annotations | P862: 617 | Q862: Yes | R862: No
A863: gb|ON651487.1|+|0-876|ARO:3008143|CTX-M-254 | B863: done | E863: CTX | F863: 876 | G863: 99.66 | H863: CARD | I863: Drugs | J863: betalactams | K863: Class A betalactamases | L863: CTX | N863: Inherited annotations | P863: 617 | Q863: Yes | R863: No
... A897: gb|MK497256.1|+|0-864|ARO:3009066|TEM-239 | B897: done | E897: TEM | F897: 864 | G897: 99.54 | H897: CARD | I897: Drugs | J897: betalactams | K897: Class A betalactamases | L897: TEM | N897: Inherited annotations | P897: 719 | Q897: Yes | R897: No
A898: gb|OK554431.1|+|0-1137|ARO:3008115|CMY-178 | B898: done | E898: CMY | F898: 1137 | G898: 89.8 | H898: CARD | I898: Drugs | J898: betalactams | K898: Class C betalactamases | L898: CMY | N898: Mismatch in cluster | O898: Drugs|betalactams|Class_C_betalactamases|BIL ; Drugs|betalactams|Class_C_betalactamases|CFE ; Drugs|betalactams|Class_C_betalactamases|CMY ; Drugs|betalactams|Class_C_betalactamases|LAT | P898: 776 | Q898: Yes | R898: No
A899: gb|MT752965.1|+|0-1137|ARO:3008111|CMY-172 | B899: done | E899: CMY | F899: 1137 | G899: 89.89 | H899: CARD | I899: Drugs | J899: betalactams | K899: Class C betalactamases | L899: CMY | N899: Mismatch in cluster | O899: Drugs|betalactams|Class_C_betalactamases|BIL ; Drugs|betalactams|Class_C_betalactamases|CFE ; Drugs|betalactams|Class_C_betalactamases|CMY ; Drugs|betalactams|Class_C_betalactamases|LAT | P899: 776 | Q899: Yes | R899: No
A900: gb|OR896917.1|+|0-1146|ARO:3008125|CMY-190 | B900: done | E900: CMY | F900: 1146 | G900: 86.74 | H900: CARD | I900: Drugs | J900: betalactams | K900: Class C betalactamases | L900: CMY | N900: Mismatch in cluster | O900: Drugs|betalactams|Class_C_betalactamases|BIL ; Drugs|betalactams|Class_C_betalactamases|CFE ; Drugs|betalactams|Class_C_betalactamases|CMY ; Drugs|betalactams|Class_C_betalactamases|LAT | P900: 776 | Q900: Yes | R900: No
A901: gb|OQ297612.1|+|0-1146|ARO:3007695|CMY-185 | B901: done | E901: CMY | F901: 1146 | G901: 89.7 | H901: CARD | I901: Drugs | J901: betalactams | K901: Class C betalactamases | L901: CMY | N901: Mismatch in cluster | O901: Drugs|betalactams|Class_C_betalactamases|BIL ; Drugs|betalactams|Class_C_betalactamases|CFE ; Drugs|betalactams|Class_C_betalactamases|CMY ; Drugs|betalactams|Class_C_betalactamases|LAT | P901: 776 | Q901: Yes | R901: No
A902: gb|OP950674.1|+|63-1209|ARO:3008121|CMY-184 | B902: done | E902: CMY | F902: 1146 | G902: 89.88 | H902: CARD | I902: Drugs | J902: betalactams | K902: Class C betalactamases | L902: CMY | N902: Mismatch in cluster | O902: Drugs|betalactams|Class_C_betalactamases|BIL ; Drugs|betalactams|Class_C_betalactamases|CFE ; Drugs|betalactams|Class_C_betalactamases|CMY ; Drugs|betalactams|Class_C_betalactamases|LAT | P902: 776 | Q902: Yes | R902: No
A903: gb|JASAUU010000053.1|-|658-1804|ARO:3008122|CMY-186 | B903: done | E903: CMY | F903: 1146 | G903: 89.88 | H903: CARD | I903: Drugs | J903: betalactams | K903: Class C betalactamases | L903: CMY | N903: Mismatch in cluster | O903: Drugs|betalactams|Class_C_betalactamases|BIL ; Drugs|betalactams|Class_C_betalactamases|CFE ; Drugs|betalactams|Class_C_betalactamases|CMY ; Drugs|betalactams|Class_C_betalactamases|LAT | P903: 776 | Q903: Yes | R903: No
A904: gb|PP575761.1|+|0-1146|ARO:3008126|CMY-191 | B904: done | E904: CMY | F904: 1146 | G904: 89.88 | H904: CARD | I904: Drugs | J904: betalactams | K904: Class C betalactamases | L904: CMY | N904: Mismatch in cluster | O904: Drugs|betalactams|Class_C_betalactamases|BIL ; Drugs|betalactams|Class_C_betalactamases|CFE ; Drugs|betalactams|Class_C_betalactamases|CMY ; Drugs|betalactams|Class_C_betalactamases|LAT | P904: 776 | Q904: Yes | R904: No
A905: gb|PQ394536.1|+|0-1146|ARO:3008129|CMY-195 | B905: done | E905: CMY | F905: 1146 | G905: 89.88 | H905: CARD | I905: Drugs | J905: betalactams | K905: Class C betalactamases | L905: CMY | N905: Mismatch in cluster | O905: Drugs|betalactams|Class_C_betalactamases|BIL ; Drugs|betalactams|Class_C_betalactamases|CFE ; Drugs|betalactams|Class_C_betalactamases|CMY ; Drugs|betalactams|Class_C_betalactamases|LAT | P905: 776 | Q905: Yes | R905: No
A906: gb|PQ394537.1|+|0-1146|ARO:3008130|CMY-196 | B906: done | E906: CMY | F906: 1146 | G906: 89.88 | H906: CARD | I906: Drugs | J906: betalactams | K906: Class C betalactamases | L906: CMY | N906: Mismatch in cluster | O906: Drugs|betalactams|Class_C_betalactamases|BIL ; Drugs|betalactams|Class_C_betalactamases|CFE ; Drugs|betalactams|Class_C_betalactamases|CMY ; Drugs|betalactams|Class_C_betalactamases|LAT | P906: 776 | Q906: Yes | R906: No
A907: gb|PQ394538.1|+|0-1146|ARO:3008131|CMY-197 | B907: done | E907: CMY | F907: 1146 | G907: 89.88 | H907: CARD | I907: Drugs | J907: betalactams | K907: Class C betalactamases | L907: CMY | N907: Mismatch in cluster | O907: Drugs|betalactams|Class_C_betalactamases|BIL ; Drugs|betalactams|Class_C_betalactamases|CFE ; Drugs|betalactams|Class_C_betalactamases|CMY ; Drugs|betalactams|Class_C_betalactamases|LAT | P907: 776 | Q907: Yes | R907: No
A908: gb|OK217282.1|+|0-1146|ARO:3008114|CMY-177 | B908: done | E908: CMY | F908: 1146 | G908: 89.97 | H908: CARD | I908: Drugs | J908: betalactams | K908: Class C betalactamases | L908: CMY | N908: Mismatch in cluster | O908: Drugs|betalactams|Class_C_betalactamases|BIL ; Drugs|betalactams|Class_C_betalactamases|CFE ; Drugs|betalactams|Class_C_betalactamases|CMY ; Drugs|betalactams|Class_C_betalactamases|LAT | P908: 776 | Q908: Yes | R908: No
A909: gb|PQ374838.1|+|0-1146|ARO:3008128|CMY-194 | B909: done | E909: CMY | F909: 1146 | G909: 89.97 | H909: CARD | I909: Drugs | J909: betalactams | K909: Class C betalactamases | L909: CMY | N909: Mismatch in cluster | O909: Drugs|betalactams|Class_C_betalactamases|BIL ; Drugs|betalactams|Class_C_betalactamases|CFE ; Drugs|betalactams|Class_C_betalactamases|CMY ; Drugs|betalactams|Class_C_betalactamases|LAT | P909: 776 | Q909: Yes | R909: No
... A920: gb|PP693800.1|+|0-1149|ARO:3008127|CMY-192 | B920: done | E920: CMY | F920: 1149 | G920: 88.95 | H920: CARD | I920: Drugs | J920: betalactams | K920: Class C betalactamases | L920: CMY | N920: Mismatch in cluster | O920: Drugs|betalactams|Class_C_betalactamases|BIL ; Drugs|betalactams|Class_C_betalactamases|CFE ; Drugs|betalactams|Class_C_betalactamases|CMY ; Drugs|betalactams|Class_C_betalactamases|LAT | P920: 776 | Q920: Yes | R920: No
A921: gb|LC733689.1|+|0-1149|ARO:3008183|FOX-21 | B921: done | E921: FOX | F921: 1149 | G921: 94.87 | H921: CARD | I921: Drugs | J921: betalactams | K921: Class C betalactamases | L921: FOX | N921: Inherited annotations | P921: 829 | Q921: Yes | R921: No
A922: gb|MZ092825.1|+|0-1149|ARO:3008180|FOX-18 | B922: done | E922: FOX | F922: 1149 | G922: 95.21 | H922: CARD | I922: Drugs | J922: betalactams | K922: Class C betalactamases | L922: FOX | N922: Inherited annotations | P922: 829 | Q922: Yes | R922: No
A923: gb|MZ092826.1|+|0-1149|ARO:3008181|FOX-19 | B923: done | E923: FOX | F923: 1149 | G923: 95.82 | H923: CARD | I923: Drugs | J923: betalactams | K923: Class C betalactamases | L923: FOX | N923: Inherited annotations | P923: 829 | Q923: Yes | R923: No
A924: gb|OP297845.1|+|0-1149|ARO:3008182|FOX-20 | B924: done | E924: FOX | F924: 1149 | G924: 96 | H924: CARD | I924: Drugs | J924: betalactams | K924: Class C betalactamases | L924: FOX | N924: Inherited annotations | P924: 829 | Q924: Yes | R924: No
A925: gb|WJXX01000007.1|-|19311-20451|ARO:3007958|ACT-85 | B925: done | E925: ACT | F925: 1140 | G925: 97.11 | H925: CARD | I925: Drugs | J925: betalactams | K925: Class C betalactamases | L925: ACT | N925: Mismatch in cluster | O925: Drugs|betalactams|Class_C_betalactamases|ACT ; Drugs|betalactams|Class_C_betalactamases|AZECL ; Drugs|betalactams|Class_C_betalactamases|CMH ; Drugs|betalactams|Class_C_betalactamases|CMY ; Drugs|betalactams|Class_C_betalactamases|MIR | P925: 843 | Q925: Yes | R925: No
A926: gb|WHOQ01000125.1|-|30718-31858|ARO:3007959|ACT-86 | B926: done | E926: ACT | F926: 1140 | G926: 97.11 | H926: CARD | I926: Drugs | J926: betalactams | K926: Class C betalactamases | L926: ACT | N926: Mismatch in cluster | O926: Drugs|betalactams|Class_C_betalactamases|ACT ; Drugs|betalactams|Class_C_betalactamases|AZECL ; Drugs|betalactams|Class_C_betalactamases|CMH ; Drugs|betalactams|Class_C_betalactamases|CMY ; Drugs|betalactams|Class_C_betalactamases|MIR | P926: 843 | Q926: Yes | R926: No
A927: gb|PP740466.1|+|0-1143|ARO:3008099|CMH-26 | B927: done | E927: CMH | F927: 1143 | G927: 80.49 | H927: CARD | I927: Drugs | J927: betalactams | K927: Class C betalactamases | L927: CMH | N927: Mismatch in cluster | O927: Drugs|betalactams|Class_C_betalactamases|ACT ; Drugs|betalactams|Class_C_betalactamases|AZECL ; Drugs|betalactams|Class_C_betalactamases|CMH ; Drugs|betalactams|Class_C_betalactamases|CMY ; Drugs|betalactams|Class_C_betalactamases|MIR | P927: 843 | Q927: Yes | R927: No
A928: gb|PP740468.1|+|0-1143|ARO:3008101|CMH-28 | B928: done | E928: CMH | F928: 1143 | G928: 80.66 | H928: CARD | I928: Drugs | J928: betalactams | K928: Class C betalactamases | L928: CMH | N928: Mismatch in cluster | O928: Drugs|betalactams|Class_C_betalactamases|ACT ; Drugs|betalactams|Class_C_betalactamases|AZECL ; Drugs|betalactams|Class_C_betalactamases|CMH ; Drugs|betalactams|Class_C_betalactamases|CMY ; Drugs|betalactams|Class_C_betalactamases|MIR | P928: 843 | Q928: Yes | R928: No
A929: gb|PP740467.1|+|0-1143|ARO:3008100|CMH-27 | B929: done | E929: CMH | F929: 1143 | G929: 80.66 | H929: CARD | I929: Drugs | J929: betalactams | K929: Class C betalactamases | L929: CMH | N929: Mismatch in cluster | O929: Drugs|betalactams|Class_C_betalactamases|ACT ; Drugs|betalactams|Class_C_betalactamases|AZECL ; Drugs|betalactams|Class_C_betalactamases|CMH ; Drugs|betalactams|Class_C_betalactamases|CMY ; Drugs|betalactams|Class_C_betalactamases|MIR | P929: 843 | Q929: Yes | R929: No
A930: gb|PP740485.1|+|0-1143|ARO:3007940|ACT-177 | B930: done | E930: ACT | F930: 1143 | G930: 85.21 | H930: CARD | I930: Drugs | J930: betalactams | K930: Class C betalactamases | L930: ACT | N930: Mismatch in cluster | O930: Drugs|betalactams|Class_C_betalactamases|ACT ; Drugs|betalactams|Class_C_betalactamases|AZECL ; Drugs|betalactams|Class_C_betalactamases|CMH ; Drugs|betalactams|Class_C_betalactamases|CMY ; Drugs|betalactams|Class_C_betalactamases|MIR | P930: 843 | Q930: Yes | R930: No
A931: gb|PP740481.1|+|0-1143|ARO:3007936|ACT-173 | B931: done | E931: ACT | F931: 1143 | G931: 85.74 | H931: CARD | I931: Drugs | J931: betalactams | K931: Class C betalactamases | L931: ACT | N931: Mismatch in cluster | O931: Drugs|betalactams|Class_C_betalactamases|ACT ; Drugs|betalactams|Class_C_betalactamases|AZECL ; Drugs|betalactams|Class_C_betalactamases|CMH ; Drugs|betalactams|Class_C_betalactamases|CMY ; Drugs|betalactams|Class_C_betalactamases|MIR | P931: 843 | Q931: Yes | R931: No
A932: gb|OR398193.1|+|0-1146|ARO:3008088|CMH-13 | B932: done | E932: CMH | F932: 1146 | G932: 80.19 | H932: CARD | I932: Drugs | J932: betalactams | K932: Class C betalactamases | L932: CMH | N932: Mismatch in cluster | O932: Drugs|betalactams|Class_C_betalactamases|ACT ; Drugs|betalactams|Class_C_betalactamases|AZECL ; Drugs|betalactams|Class_C_betalactamases|CMH ; Drugs|betalactams|Class_C_betalactamases|CMY ; Drugs|betalactams|Class_C_betalactamases|MIR | P932: 843 | Q932: Yes | R932: No
A933: gb|PP740472.1|+|0-1146|ARO:3008105|CMH-32 | B933: done | E933: CMH | F933: 1146 | G933: 80.19 | H933: CARD | I933: Drugs | J933: betalactams | K933: Class C betalactamases | L933: CMH | N933: Mismatch in cluster | O933: Drugs|betalactams|Class_C_betalactamases|ACT ; Drugs|betalactams|Class_C_betalactamases|AZECL ; Drugs|betalactams|Class_C_betalactamases|CMH ; Drugs|betalactams|Class_C_betalactamases|CMY ; Drugs|betalactams|Class_C_betalactamases|MIR | P933: 843 | Q933: Yes | R933: No
A934: gb|ABFHGH030000056.1|-|17692-18838|ARO:3008110|CMH-9 | B934: done | E934: CMH | F934: 1146 | G934: 80.28 | H934: CARD | I934: Drugs | J934: betalactams | K934: Class C betalactamases | L934: CMH | N934: Mismatch in cluster | O934: Drugs|betalactams|Class_C_betalactamases|ACT ; Drugs|betalactams|Class_C_betalactamases|AZECL ; Drugs|betalactams|Class_C_betalactamases|CMH ; Drugs|betalactams|Class_C_betalactamases|CMY ; Drugs|betalactams|Class_C_betalactamases|MIR | P934: 843 | Q934: Yes | R934: No
A935: gb|OQ709072.1|+|0-1146|ARO:3008087|CMH-12 | B935: done | E935: CMH | F935: 1146 | G935: 80.37 | H935: CARD | I935: Drugs | J935: betalactams | K935: Class C betalactamases | L935: CMH | N935: Mismatch in cluster | O935: Drugs|betalactams|Class_C_betalactamases|ACT ; Drugs|betalactams|Class_C_betalactamases|AZECL ; Drugs|betalactams|Class_C_betalactamases|CMH ; Drugs|betalactams|Class_C_betalactamases|CMY ; Drugs|betalactams|Class_C_betalactamases|MIR | P935: 843 | Q935: Yes | R935: No
A936: gb|DAJEDZ010000031.1|+|12001-13147|ARO:3008092|CMH-17 | B936: done | E936: CMH | F936: 1146 | G936: 80.37 | H936: CARD | I936: Drugs | J936: betalactams | K936: Class C betalactamases | L936: CMH | N936: Mismatch in cluster | O936: Drugs|betalactams|Class_C_betalactamases|ACT ; Drugs|betalactams|Class_C_betalactamases|AZECL ; Drugs|betalactams|Class_C_betalactamases|CMH ; Drugs|betalactams|Class_C_betalactamases|CMY ; Drugs|betalactams|Class_C_betalactamases|MIR | P936: 843 | Q936: Yes | R936: No
... A1047: gb|AYIM01000001.1|-|557504-558650|ARO:3007962|ACT-90 | B1047: done | E1047: ACT | F1047: 1146 | G1047: 98.87 | H1047: CARD | I1047: Drugs | J1047: betalactams | K1047: Class C betalactamases | L1047: ACT | N1047: Mismatch in cluster | O1047: Drugs|betalactams|Class_C_betalactamases|ACT ; Drugs|betalactams|Class_C_betalactamases|AZECL ; Drugs|betalactams|Class_C_betalactamases|CMH ; Drugs|betalactams|Class_C_betalactamases|CMY ; Drugs|betalactams|Class_C_betalactamases|MIR | P1047: 843 | Q1047: Yes | R1047: No
...

Sheet draft_annotations_20260818
A1: Gene_Accession | B1: ED_confirmation | C1: Notes | D1: ED_SNP | E1: Length | F1: Similarity | G1: Source_Database | H1: Type | I1: Class | J1: Mechanism | K1: Group | L1: SNP | M1: Annotation_Status | N1: Mismatch_Groups | O1: Cluster_ID | P1: Inheritted_matches? | Q1: New_Group
A2: gb|BA000007.3|+|4990267-4994296|ARO:3003288|Ecol_rpoB_RIF | B2: done | D2: InheritedSNPconfirmation | E2: 4029 | F2: 90.94 | G2: CARD | H2: Drugs | I2: Rifampin | J2: Rifampin-resistant beta-subunit of RNA polymerase RpoB | K2: RPOB | L2: RequiresSNPConfirmation | M2: Inherited annotations | O2: 43 | P2: Yes | Q2: No
A3: gb|NG_067968.1|+|100-655|ARO:3007770|aac(6')-Ib-cr10 | B3: done | E3: 555 | F3: 99.1 | G3: CARD | H3: Drugs | I3: Aminoglycosides | J3: Aminoglycoside N-acetyltransferases | K3: AAC6-PRIME | M3: Mismatch in cluster | N3: Drugs|Aminoglycosides|Aminoglycoside_N-acetyltransferases|AAC6-PRIME ; Drugs|betalactams|Class_D_betalactamases|OXA | O3: 191 | P3: Yes | Q3: No
A4: gb|NG_067969.1|+|100-655|ARO:3007771|aac(6')-Ib-cr11 | B4: done | E4: 555 | F4: 99.1 | G4: CARD | H4: Drugs | I4: Aminoglycosides | J4: Aminoglycoside N-acetyltransferases | K4: AAC6-PRIME | M4: Mismatch in cluster | N4: Drugs|Aminoglycosides|Aminoglycoside_N-acetyltransferases|AAC6-PRIME ; Drugs|betalactams|Class_D_betalactamases|OXA | O4: 191 | P4: Yes | Q4: No
A5: gb|AF043100.1|+|1-775|ARO:3001411|OXA-16 | B5: done | E5: 774 | F5: 99.35 | G5: CARD | H5: Drugs | I5: betalactams | J5: Class D betalactamases | K5: OXA | M5: Mismatch in cluster | N5: Drugs|Aminoglycosides|Aminoglycoside_N-acetyltransferases|AAC6-PRIME ; Drugs|betalactams|Class_D_betalactamases|OXA | O5: 191 | P5: Yes | Q5: No
A6: gb|LC664104.1|+|0-801|ARO:3008472|OXA-1053 | B6: done | E6: 801 | F6: 96.25 | G6: CARD | H6: Drugs | I6: betalactams | J6: Class D betalactamases | K6: OXA | M6: Mismatch in cluster | N6: Drugs|Aminoglycosides|Aminoglycoside_N-acetyltransferases|AAC6-PRIME ; Drugs|betalactams|Class_D_betalactamases|OXA | O6: 191 | P6: Yes | Q6: No
A7: gb|ON651492.1|+|0-801|ARO:3008505|OXA-1087 | B7: done | E7: 801 | F7: 96.25 | G7: CARD | H7: Drugs | I7: betalactams | J7: Class D betalactamases | K7: OXA | M7: Mismatch in cluster | N7: Drugs|Aminoglycosides|Aminoglycoside_N-acetyltransferases|AAC6-PRIME ; Drugs|betalactams|Class_D_betalactamases|OXA | O7: 191 | P7: Yes | Q7: No
A8: gb|OR025344.1|+|0-801|ARO:3008616|OXA-1204 | B8: done | E8: 801 | F8: 96.25 | G8: CARD | H8: Drugs | I8: betalactams | J8: Class D betalactamases | K8: OXA | M8: Mismatch in cluster | N8: Drugs|Aminoglycosides|Aminoglycoside_N-acetyltransferases|AAC6-PRIME ; Drugs|betalactams|Class_D_betalactamases|OXA | O8: 191 | P8: Yes | Q8: No
A9: gb|PP766715.1|+|0-801|ARO:3008657|OXA-1247 | B9: done | E9: 801 | F9: 96.25 | G9: CARD | H9: Drugs | I9: betalactams | J9: Class D betalactamases | K9: OXA | M9: Mismatch in cluster | N9: Drugs|Aminoglycosides|Aminoglycoside_N-acetyltransferases|AAC6-PRIME ; Drugs|betalactams|Class_D_betalactamases|OXA | O9: 191 | P9: Yes | Q9: No
A10: gb|OQ948126.1|+|0-801|ARO:3008614|OXA-1202 | B10: done | E10: 801 | F10: 96.38 | G10: CARD | H10: Drugs | I10: betalactams | J10: Class D betalactamases | K10: OXA | M10: Mismatch in cluster | N10: Drugs|Aminoglycosides|Aminoglycoside_N-acetyltransferases|AAC6-PRIME ; Drugs|betalactams|Class_D_betalactamases|OXA | O10: 191 | P10: Yes | Q10: No
A11: gb|PP328943.1|+|0-801|ARO:3008642|OXA-1232 | B11: done | E11: 801 | F11: 96.38 | G11: CARD | H11: Drugs | I11: betalactams | J11: Class D betalactamases | K11: OXA | M11: Mismatch in cluster | N11: Drugs|Aminoglycosides|Aminoglycoside_N-acetyltransferases|AAC6-PRIME ; Drugs|betalactams|Class_D_betalactamases|OXA | O11: 191 | P11: Yes | Q11: No
A12: gb|MZ449318.1|+|0-801|ARO:3008436|OXA-1015 | B12: done | E12: 801 | F12: 96.5 | G12: CARD | H12: Drugs | I12: betalactams | J12: Class D betalactamases | K12: OXA | M12: Mismatch in cluster | N12: Drugs|Aminoglycosides|Aminoglycoside_N-acetyltransferases|AAC6-PRIME ; Drugs|betalactams|Class_D_betalactamases|OXA | O12: 191 | P12: Yes | Q12: No
A13: gb|ON721379.1|+|0-801|ARO:3008538|OXA-1120 | B13: done | E13: 801 | F13: 96.5 | G13: CARD | H13: Drugs | I13: betalactams | J13: Class D betalactamases | K13: OXA | M13: Mismatch in cluster | N13: Drugs|Aminoglycosides|Aminoglycoside_N-acetyltransferases|AAC6-PRIME ; Drugs|betalactams|Class_D_betalactamases|OXA | O13: 191 | P13: Yes | Q13: No
A14: gb|OP806897.1|+|0-801|ARO:3008588|OXA-1170 | B14: done | E14: 801 | F14: 96.5 | G14: CARD | H14: Drugs | I14: betalactams | J14: Class D betalactamases | K14: OXA | M14: Mismatch in cluster | N14: Drugs|Aminoglycosides|Aminoglycoside_N-acetyltransferases|AAC6-PRIME ; Drugs|betalactams|Class_D_betalactamases|OXA | O14: 191 | P14: Yes | Q14: No
... A30: gb|OP806895.1|+|0-813|ARO:3008586|OXA-1168 | B30: done | E30: 813 | F30: 95.2 | G30: CARD | H30: Drugs | I30: betalactams | J30: Class D betalactamases | K30: OXA | M30: Mismatch in cluster | N30: Drugs|Aminoglycosides|Aminoglycoside_N-acetyltransferases|AAC6-PRIME ; Drugs|betalactams|Class_D_betalactamases|OXA | O30: 191 | P30: Yes | Q30: No
A31: gb|NZ_JARETA010000011.1|+|134188-136825|ARO:3007751|Sisa_gyrA_FLO | B31: done | D31: InheritedSNPconfirmation | E31: 2637 | F31: 88.51 | G31: CARD | H31: Drugs | I31: Fluoroquinolones | J31: Fluoroquinolone-resistant DNA topoisomerases | K31: GYRA | L31: RequiresSNPConfirmation | M31: Inherited annotations | O31: 207 | P31: Yes | Q31: No
A32: gb|NZ_JARETA010000016.1|+|58093-60508|ARO:3007752|Sisa_gyrB_FLO | B32: done | E32: 2415 | F32: 88.9 | G32: CARD | H32: Drugs | I32: Fluoroquinolones | J32: Fluoroquinolone-resistant DNA topoisomerases | K32: GYRB | L32: RequiresSNPConfirmation | M32: Mismatch in cluster | N32: Drugs|Fluoroquinolones|Fluoroquinolone-resistant_DNA_topoisomerases|GYRB ; Drugs|Aminocoumarins|Aminocoumarin-resistant_DNA_topoisomerases|GYRBA | O32: 273 | P32: Yes | Q32: No
A33: gb|MT990446.1|+|54-1044|ARO:3007837|CARB-58 | B33: done | E33: 990 | F33: 84.75 | G33: CARD | H33: Drugs | I33: betalactams | J33: Class A betalactamases | K33: CARB | M33: Mismatch in cluster | N33: Drugs|Aminoglycosides|Aminoglycoside_O-nucleotidyltransferases|ANT2-DPRIME ; Drugs|betalactams|Class_A_betalactamases|CARB ; Drugs|betalactams|Class_A_betalactamases|PSE | O33: 421 | P33: Yes | Q33: No
A34: gb|MH598530.1|+|0-1698|ARO:3007227|MCR-8.3 | B34: done | E34: 1698 | F34: 95.35 | G34: CARD | H34: Drugs | I34: Lipopeptides | J34: Colistin phosphoethanolamine transferase | K34: MCR | M34: Inherited annotations | O34: 490 | P34: Yes | Q34: No
A35: gb|MH791448.1|+|0-1698|ARO:3007228|MCR-8.4 | B35: done | E35: 1698 | F35: 95.35 | G35: CARD | H35: Drugs | I35: Lipopeptides | J35: Colistin phosphoethanolamine transferase | K35: MCR | M35: Inherited annotations | O35: 490 | P35: Yes | Q35: No
A36: gb|MK965519.1|-|5046-6690|ARO:3007281|MCR-5.4 | B36: done | E36: 1644 | F36: 99.88 | G36: CARD | H36: Drugs | I36: Lipopeptides | J36: Colistin phosphoethanolamine transferase | K36: MCR | M36: Inherited annotations | O36: 522 | P36: Yes | Q36: No
A37: gb|MN873697.1|+|0-1626|ARO:3007234|MCR-1.23 | B37: done | E37: 1626 | F37: 99.2 | G37: CARD | H37: Drugs | I37: Lipopeptides | J37: Colistin phosphoethanolamine transferase | K37: MCR | M37: Inherited annotations | O37: 531 | P37: Yes | Q37: No
A38: gb|MN879257.1|+|0-1626|ARO:3007243|MCR-1.24 | B38: done | E38: 1626 | F38: 99.2 | G38: CARD | H38: Drugs | I38: Lipopeptides | J38: Colistin phosphoethanolamine transferase | K38: MCR | M38: Inherited annotations | O38: 531 | P38: Yes | Q38: No
A39: gb|MN879259.1|+|0-1626|ARO:3007247|MCR-1.25 | B39: done | E39: 1626 | F39: 99.88 | G39: CARD | H39: Drugs | I39: Lipopeptides | J39: Colistin phosphoethanolamine transferase | K39: MCR | M39: Inherited annotations | O39: 531 | P39: Yes | Q39: No
A40: gb|MF084991.1|+|0-1626|ARO:3007289|MCR-1.32 | B40: done | E40: 1626 | F40: 99.88 | G40: CARD | H40: Drugs | I40: Lipopeptides | J40: Colistin phosphoethanolamine transferase | K40: MCR | M40: Inherited annotations | O40: 531 | P40: Yes | Q40: No
A41: gb|MZ450868.1|+|0-1626|ARO:3007230|MCR-1.34 | B41: done | E41: 1626 | F41: 99.94 | G41: CARD | H41: Drugs | I41: Lipopeptides | J41: Colistin phosphoethanolamine transferase | K41: MCR | M41: Inherited annotations | O41: 531 | P41: Yes | Q41: No
A42: gb|MT770924.1|+|0-1626|ARO:3007236|MCR-1.28 | B42: done | E42: 1626 | F42: 99.94 | G42: CARD | H42: Drugs | I42: Lipopeptides | J42: Colistin phosphoethanolamine transferase | K42: MCR | M42: Inherited annotations | O42: 531 | P42: Yes | Q42: No
A43: gb|MN017134.1|+|0-1626|ARO:3007239|MCR-1.22 | B43: done | E43: 1626 | F43: 99.94 | G43: CARD | H43: Drugs | I43: Lipopeptides | J43: Colistin phosphoethanolamine transferase | K43: MCR | M43: Inherited annotations | O43: 531 | P43: Yes | Q43: No
A44: gb|MT731964.1|+|0-1626|ARO:3007241|MCR-1.29 | B44: done | E44: 1626 | F44: 99.94 | G44: CARD | H44: Drugs | I44: Lipopeptides | J44: Colistin phosphoethanolamine transferase | K44: MCR | M44: Inherited annotations | O44: 531 | P44: Yes | Q44: No
A45: gb|MT731965.1|+|0-1626|ARO:3007242|MCR-1.30 | B45: done | E45: 1626 | F45: 99.94 | G45: CARD | H45: Drugs | I45: Lipopeptides | J45: Colistin phosphoethanolamine transferase | K45: MCR | M45: Inherited annotations | O45: 531 | P45: Yes | Q45: No
... A66: gb|MT757844.1|+|0-1617|ARO:3007288|MCR-2.6 | B66: done | E66: 1617 | F66: 96.35 | G66: CARD | H66: Drugs | I66: Lipopeptides | J66: Colistin phosphoethanolamine transferase | K66: MCR | M66: Inherited annotations | O66: 544 | P66: Yes | Q66: No
A67: gb|OP142444.1|+|0-1137|ARO:3008385|MOX-17 | B67: done | E67: 1137 | F67: 90.33 | G67: CARD | H67: Drugs | I67: betalactams | J67: Class C betalactamases | K67: MOX | M67: Mismatch in cluster | N67: Drugs|betalactams|Class_C_betalactamases|AQU ; Drugs|betalactams|Class_C_betalactamases|CEPH ; Drugs|betalactams|Class_C_betalactamases|CMY ; Drugs|betalactams|Class_C_betalactamases|MOX | O67: 568 | P67: Yes | Q67: No
A68: gb|LC732556.1|+|0-1149|ARO:3008389|MOX-21 | B68: done | E68: 1149 | F68: 90.51 | G68: CARD | H68: Drugs | I68: betalactams | J68: Class C betalactamases | K68: MOX | M68: Mismatch in cluster | N68: Drugs|betalactams|Class_C_betalactamases|AQU ; Drugs|betalactams|Class_C_betalactamases|CEPH ; Drugs|betalactams|Class_C_betalactamases|CMY ; Drugs|betalactams|Class_C_betalactamases|MOX | O68: 568 | P68: Yes | Q68: No
A69: gb|LC733693.1|+|0-1149|ARO:3008391|MOX-23 | B69: done | E69: 1149 | F69: 92.52 | G69: CARD | H69: Drugs | I69: betalactams | J69: Class C betalactamases | K69: MOX | M69: Mismatch in cluster | N69: Drugs|betalactams|Class_C_betalactamases|AQU ; Drugs|betalactams|Class_C_betalactamases|CEPH ; Drugs|betalactams|Class_C_betalactamases|CMY ; Drugs|betalactams|Class_C_betalactamases|MOX | O69: 568 | P69: Yes | Q69: No
A70: gb|LC733692.1|+|0-1149|ARO:3008390|MOX-22 | B70: done | E70: 1149 | F70: 92.86 | G70: CARD | H70: Drugs | I70: betalactams | J70: Class C betalactamases | K70: MOX | M70: Mismatch in cluster | N70: Drugs|betalactams|Class_C_betalactamases|AQU ; Drugs|betalactams|Class_C_betalactamases|CEPH ; Drugs|betalactams|Class_C_betalactamases|CMY ; Drugs|betalactams|Class_C_betalactamases|MOX | O70: 568 | P70: Yes | Q70: No
A71: gb|LC732553.1|+|0-1149|ARO:3008386|MOX-18 | B71: done | E71: 1149 | F71: 93.04 | G71: CARD | H71: Drugs | I71: betalactams | J71: Class C betalactamases | K71: MOX | M71: Mismatch in cluster | N71: Drugs|betalactams|Class_C_betalactamases|AQU ; Drugs|betalactams|Class_C_betalactamases|CEPH ; Drugs|betalactams|Class_C_betalactamases|CMY ; Drugs|betalactams|Class_C_betalactamases|MOX | O71: 568 | P71: Yes | Q71: No
A72: gb|LC732555.1|+|0-1149|ARO:3008388|MOX-20 | B72: done | E72: 1149 | F72: 93.12 | G72: CARD | H72: Drugs | I72: betalactams | J72: Class C betalactamases | K72: MOX | M72: Mismatch in cluster | N72: Drugs|betalactams|Class_C_betalactamases|AQU ; Drugs|betalactams|Class_C_betalactamases|CEPH ; Drugs|betalactams|Class_C_betalactamases|CMY ; Drugs|betalactams|Class_C_betalactamases|MOX | O72: 568 | P72: Yes | Q72: No
A73: gb|LC659430.1|+|0-1149|ARO:3008384|MOX-16 | B73: done | E73: 1149 | F73: 97.65 | G73: CARD | H73: Drugs | I73: betalactams | J73: Class C betalactamases | K73: MOX | M73: Mismatch in cluster | N73: Drugs|betalactams|Class_C_betalactamases|AQU ; Drugs|betalactams|Class_C_betalactamases|CEPH ; Drugs|betalactams|Class_C_betalactamases|CMY ; Drugs|betalactams|Class_C_betalactamases|MOX | O73: 568 | P73: Yes | Q73: No
A74: gb|MZ133817.1|+|0-1152|ARO:3008383|MOX-15 | B74: done | E74: 1152 | F74: 85.5 | G74: CARD | H74: Drugs | I74: betalactams | J74: Class C betalactamases | K74: MOX | M74: Mismatch in cluster | N74: Drugs|betalactams|Class_C_betalactamases|AQU ; Drugs|betalactams|Class_C_betalactamases|CEPH ; Drugs|betalactams|Class_C_betalactamases|CMY ; Drugs|betalactams|Class_C_betalactamases|MOX | O74: 568 | P74: Yes | Q74: No
A75: gb|LC732554.1|+|0-1152|ARO:3008387|MOX-19 | B75: done | E75: 1152 | F75: 85.5 | G75: CARD | H75: Drugs | I75: betalactams | J75: Class C betalactamases | K75: MOX | M75: Mismatch in cluster | N75: Drugs|betalactams|Class_C_betalactamases|AQU ; Drugs|betalactams|Class_C_betalactamases|CEPH ; Drugs|betalactams|Class_C_betalactamases|CMY ; Drugs|betalactams|Class_C_betalactamases|MOX | O75: 568 | P75: Yes | Q75: No
A76: gb|LC733695.1|+|0-1152|ARO:3008393|MOX-25 | B76: done | E76: 1152 | F76: 85.68 | G76: CARD | H76: Drugs | I76: betalactams | J76: Class C betalactamases | K76: MOX | M76: Mismatch in cluster | N76: Drugs|betalactams|Class_C_betalactamases|AQU ; Drugs|betalactams|Class_C_betalactamases|CEPH ; Drugs|betalactams|Class_C_betalactamases|CMY ; Drugs|betalactams|Class_C_betalactamases|MOX | O76: 568 | P76: Yes | Q76: No
A77: gb|LC733694.1|+|0-1152|ARO:3008392|MOX-24 | B77: done | E77: 1152 | F77: 85.76 | G77: CARD | H77: Drugs | I77: betalactams | J77: Class C betalactamases | K77: MOX | M77: Mismatch in cluster | N77: Drugs|betalactams|Class_C_betalactamases|AQU ; Drugs|betalactams|Class_C_betalactamases|CEPH ; Drugs|betalactams|Class_C_betalactamases|CMY ; Drugs|betalactams|Class_C_betalactamases|MOX | O77: 568 | P77: Yes | Q77: No
A78: gb|PQ394548.1|+|0-732|ARO:3008219|IMP-105 | B78: done | E78: 732 | F78: 99.86 | G78: CARD | H78: Drugs | I78: betalactams | J78: Class B betalactamases | K78: IMP | M78: Mismatch in cluster | N78: Drugs|Aminoglycosides|Aminoglycoside_N-acetyltransferases|AAC6-PRIME ; Drugs|betalactams|Class_B_betalactamases|IMP | O78: 600 | P78: Yes | Q78: No
... A102: gb|JBFSES010000053.1|-|184-1048|ARO:3008191|GES-66 | B102: done | E102: 864 | F102: 99.54 | G102: CARD | H102: Drugs | I102: betalactams | J102: Class A betalactamases | K102: GES | M102: Mismatch in cluster | N102: Drugs|betalactams|Class_A_betalactamases|GES ; Multi-compound|Drug_and_biocide_resistance|Drug_and_biocide_SMR_efflux_pumps|QACE | O102: 602 | P102: Yes | Q102: No
A103: gb|JF274244.1|-|2-863|ARO:3001967|CTX-M-107 | B103: done | E103: 861 | F103: 99.54 | G103: CARD | H103: Drugs | I103: betalactams | J103: Class A betalactamases | K103: CTX | M103: Inherited annotations | O103: 617 | P103: Yes | Q103: No
A104: gb|JF274245.1|+|1-862|ARO:3001968|CTX-M-108 | B104: done | E104: 861 | F104: 99.54 | G104: CARD | H104: Drugs | I104: betalactams | J104: Class A betalactamases | K104: CTX | M104: Inherited annotations | O104: 617 | P104: Yes | Q104: No
A105: gb|JF274248.1|-|0-864|ARO:3001969|CTX-M-109 | B105: done | E105: 864 | F105: 99.31 | G105: CARD | H105: Drugs | I105: betalactams | J105: Class A betalactamases | K105: CTX | M105: Inherited annotations | O105: 617 | P105: Yes | Q105: No
A106: gb|OQ726107.1|+|0-873|ARO:3008149|CTX-M-260 | B106: done | E106: 873 | F106: 96.79 | G106: CARD | H106: Drugs | I106: betalactams | J106: Class A betalactamases | K106: CTX | M106: Inherited annotations | O106: 617 | P106: Yes | Q106: No
A107: gb|MZ092824.1|+|0-876|ARO:3008136|CTX-M-246 | B107: done | E107: 876 | F107: 97.03 | G107: CARD | H107: Drugs | I107: betalactams | J107: Class A betalactamases | K107: CTX | M107: Inherited annotations | O107: 617 | P107: Yes | Q107: No
A108: gb|OQ135100.1|+|0-876|ARO:3008153|CTX-M-264 | B108: done | E108: 876 | F108: 98.63 | G108: CARD | H108: Drugs | I108: betalactams | J108: Class A betalactamases | K108: CTX | M108: Inherited annotations | O108: 617 | P108: Yes | Q108: No
A109: gb|OQ135101.1|+|0-876|ARO:3008154|CTX-M-265 | B109: done | E109: 876 | F109: 98.86 | G109: CARD | H109: Drugs | I109: betalactams | J109: Class A betalactamases | K109: CTX | M109: Inherited annotations | O109: 617 | P109: Yes | Q109: No
A110: gb|MN928785.1|+|0-876|ARO:3008135|CTX-M-245 | B110: done | E110: 876 | F110: 99.32 | G110: CARD | H110: Drugs | I110: betalactams | J110: Class A betalactamases | K110: CTX | M110: Inherited annotations | O110: 617 | P110: Yes | Q110: No
A111: gb|OQ135099.1|+|0-876|ARO:3008152|CTX-M-263 | B111: done | E111: 876 | F111: 99.32 | G111: CARD | H111: Drugs | I111: betalactams | J111: Class A betalactamases | K111: CTX | M111: Inherited annotations | O111: 617 | P111: Yes | Q111: No
A112: gb|OQ135098.1|+|0-876|ARO:3008151|CTX-M-262 | B112: done | E112: 876 | F112: 99.43 | G112: CARD | H112: Drugs | I112: betalactams | J112: Class A betalactamases | K112: CTX | M112: Inherited annotations | O112: 617 | P112: Yes | Q112: No
A113: gb|OQ942222.1|+|0-876|ARO:3008150|CTX-M-261 | B113: done | E113: 876 | F113: 99.54 | G113: CARD | H113: Drugs | I113: betalactams | J113: Class A betalactamases | K113: CTX | M113: Inherited annotations | O113: 617 | P113: Yes | Q113: No
A114: gb|ON651487.1|+|0-876|ARO:3008143|CTX-M-254 | B114: done | E114: 876 | F114: 99.66 | G114: CARD | H114: Drugs | I114: betalactams | J114: Class A betalactamases | K114: CTX | M114: Inherited annotations | O114: 617 | P114: Yes | Q114: No
... A148: gb|MK497256.1|+|0-864|ARO:3009066|TEM-239 | B148: done | E148: 864 | F148: 99.54 | G148: CARD | H148: Drugs | I148: betalactams | J148: Class A betalactamases | K148: TEM | M148: Inherited annotations | O148: 719 | P148: Yes | Q148: No
A149: gb|OK554431.1|+|0-1137|ARO:3008115|CMY-178 | B149: done | E149: 1137 | F149: 89.8 | G149: CARD | H149: Drugs | I149: betalactams | J149: Class C betalactamases | K149: CMY | M149: Mismatch in cluster | N149: Drugs|betalactams|Class_C_betalactamases|BIL ; Drugs|betalactams|Class_C_betalactamases|CFE ; Drugs|betalactams|Class_C_betalactamases|CMY ; Drugs|betalactams|Class_C_betalactamases|LAT | O149: 776 | P149: Yes | Q149: No
A150: gb|MT752965.1|+|0-1137|ARO:3008111|CMY-172 | B150: done | E150: 1137 | F150: 89.89 | G150: CARD | H150: Drugs | I150: betalactams | J150: Class C betalactamases | K150: CMY | M150: Mismatch in cluster | N150: Drugs|betalactams|Class_C_betalactamases|BIL ; Drugs|betalactams|Class_C_betalactamases|CFE ; Drugs|betalactams|Class_C_betalactamases|CMY ; Drugs|betalactams|Class_C_betalactamases|LAT | O150: 776 | P150: Yes | Q150: No
A151: gb|OR896917.1|+|0-1146|ARO:3008125|CMY-190 | B151: done | E151: 1146 | F151: 86.74 | G151: CARD | H151: Drugs | I151: betalactams | J151: Class C betalactamases | K151: CMY | M151: Mismatch in cluster | N151: Drugs|betalactams|Class_C_betalactamases|BIL ; Drugs|betalactams|Class_C_betalactamases|CFE ; Drugs|betalactams|Class_C_betalactamases|CMY ; Drugs|betalactams|Class_C_betalactamases|LAT | O151: 776 | P151: Yes | Q151: No
A152: gb|OQ297612.1|+|0-1146|ARO:3007695|CMY-185 | B152: done | E152: 1146 | F152: 89.7 | G152: CARD | H152: Drugs | I152: betalactams | J152: Class C betalactamases | K152: CMY | M152: Mismatch in cluster | N152: Drugs|betalactams|Class_C_betalactamases|BIL ; Drugs|betalactams|Class_C_betalactamases|CFE ; Drugs|betalactams|Class_C_betalactamases|CMY ; Drugs|betalactams|Class_C_betalactamases|LAT | O152: 776 | P152: Yes | Q152: No
A153: gb|OP950674.1|+|63-1209|ARO:3008121|CMY-184 | B153: done | E153: 1146 | F153: 89.88 | G153: CARD | H153: Drugs | I153: betalactams | J153: Class C betalactamases | K153: CMY | M153: Mismatch in cluster | N153: Drugs|betalactams|Class_C_betalactamases|BIL ; Drugs|betalactams|Class_C_betalactamases|CFE ; Drugs|betalactams|Class_C_betalactamases|CMY ; Drugs|betalactams|Class_C_betalactamases|LAT | O153: 776 | P153: Yes | Q153: No
A154: gb|JASAUU010000053.1|-|658-1804|ARO:3008122|CMY-186 | B154: done | E154: 1146 | F154: 89.88 | G154: CARD | H154: Drugs | I154: betalactams | J154: Class C betalactamases | K154: CMY | M154: Mismatch in cluster | N154: Drugs|betalactams|Class_C_betalactamases|BIL ; Drugs|betalactams|Class_C_betalactamases|CFE ; Drugs|betalactams|Class_C_betalactamases|CMY ; Drugs|betalactams|Class_C_betalactamases|LAT | O154: 776 | P154: Yes | Q154: No
A155: gb|PP575761.1|+|0-1146|ARO:3008126|CMY-191 | B155: done | E155: 1146 | F155: 89.88 | G155: CARD | H155: Drugs | I155: betalactams | J155: Class C betalactamases | K155: CMY | M155: Mismatch in cluster | N155: Drugs|betalactams|Class_C_betalactamases|BIL ; Drugs|betalactams|Class_C_betalactamases|CFE ; Drugs|betalactams|Class_C_betalactamases|CMY ; Drugs|betalactams|Class_C_betalactamases|LAT | O155: 776 | P155: Yes | Q155: No
A156: gb|PQ394536.1|+|0-1146|ARO:3008129|CMY-195 | B156: done | E156: 1146 | F156: 89.88 | G156: CARD | H156: Drugs | I156: betalactams | J156: Class C betalactamases | K156: CMY | M156: Mismatch in cluster | N156: Drugs|betalactams|Class_C_betalactamases|BIL ; Drugs|betalactams|Class_C_betalactamases|CFE ; Drugs|betalactams|Class_C_betalactamases|CMY ; Drugs|betalactams|Class_C_betalactamases|LAT | O156: 776 | P156: Yes | Q156: No
A157: gb|PQ394537.1|+|0-1146|ARO:3008130|CMY-196 | B157: done | E157: 1146 | F157: 89.88 | G157: CARD | H157: Drugs | I157: betalactams | J157: Class C betalactamases | K157: CMY | M157: Mismatch in cluster | N157: Drugs|betalactams|Class_C_betalactamases|BIL ; Drugs|betalactams|Class_C_betalactamases|CFE ; Drugs|betalactams|Class_C_betalactamases|CMY ; Drugs|betalactams|Class_C_betalactamases|LAT | O157: 776 | P157: Yes | Q157: No
A158: gb|PQ394538.1|+|0-1146|ARO:3008131|CMY-197 | B158: done | E158: 1146 | F158: 89.88 | G158: CARD | H158: Drugs | I158: betalactams | J158: Class C betalactamases | K158: CMY | M158: Mismatch in cluster | N158: Drugs|betalactams|Class_C_betalactamases|BIL ; Drugs|betalactams|Class_C_betalactamases|CFE ; Drugs|betalactams|Class_C_betalactamases|CMY ; Drugs|betalactams|Class_C_betalactamases|LAT | O158: 776 | P158: Yes | Q158: No
A159: gb|OK217282.1|+|0-1146|ARO:3008114|CMY-177 | B159: done | E159: 1146 | F159: 89.97 | G159: CARD | H159: Drugs | I159: betalactams | J159: Class C betalactamases | K159: CMY | M159: Mismatch in cluster | N159: Drugs|betalactams|Class_C_betalactamases|BIL ; Drugs|betalactams|Class_C_betalactamases|CFE ; Drugs|betalactams|Class_C_betalactamases|CMY ; Drugs|betalactams|Class_C_betalactamases|LAT | O159: 776 | P159: Yes | Q159: No
A160: gb|PQ374838.1|+|0-1146|ARO:3008128|CMY-194 | B160: done | E160: 1146 | F160: 89.97 | G160: CARD | H160: Drugs | I160: betalactams | J160: Class C betalactamases | K160: CMY | M160: Mismatch in cluster | N160: Drugs|betalactams|Class_C_betalactamases|BIL ; Drugs|betalactams|Class_C_betalactamases|CFE ; Drugs|betalactams|Class_C_betalactamases|CMY ; Drugs|betalactams|Class_C_betalactamases|LAT | O160: 776 | P160: Yes | Q160: No
... A171: gb|PP693800.1|+|0-1149|ARO:3008127|CMY-192 | B171: done | E171: 1149 | F171: 88.95 | G171: CARD | H171: Drugs | I171: betalactams | J171: Class C betalactamases | K171: CMY | M171: Mismatch in cluster | N171: Drugs|betalactams|Class_C_betalactamases|BIL ; Drugs|betalactams|Class_C_betalactamases|CFE ; Drugs|betalactams|Class_C_betalactamases|CMY ; Drugs|betalactams|Class_C_betalactamases|LAT | O171: 776 | P171: Yes | Q171: No
A172: gb|LC733689.1|+|0-1149|ARO:3008183|FOX-21 | B172: done | E172: 1149 | F172: 94.87 | G172: CARD | H172: Drugs | I172: betalactams | J172: Class C betalactamases | K172: FOX | M172: Inherited annotations | O172: 829 | P172: Yes | Q172: No
A173: gb|MZ092825.1|+|0-1149|ARO:3008180|FOX-18 | B173: done | E173: 1149 | F173: 95.21 | G173: CARD | H173: Drugs | I173: betalactams | J173: Class C betalactamases | K173: FOX | M173: Inherited annotations | O173: 829 | P173: Yes | Q173: No
A174: gb|MZ092826.1|+|0-1149|ARO:3008181|FOX-19 | B174: done | E174: 1149 | F174: 95.82 | G174: CARD | H174: Drugs | I174: betalactams | J174: Class C betalactamases | K174: FOX | M174: Inherited annotations | O174: 829 | P174: Yes | Q174: No
A175: gb|OP297845.1|+|0-1149|ARO:3008182|FOX-20 | B175: done | E175: 1149 | F175: 96 | G175: CARD | H175: Drugs | I175: betalactams | J175: Class C betalactamases | K175: FOX | M175: Inherited annotations | O175: 829 | P175: Yes | Q175: No
A176: gb|WJXX01000007.1|-|19311-20451|ARO:3007958|ACT-85 | B176: done | E176: 1140 | F176: 97.11 | G176: CARD | H176: Drugs | I176: betalactams | J176: Class C betalactamases | K176: ACT | M176: Mismatch in cluster | N176: Drugs|betalactams|Class_C_betalactamases|ACT ; Drugs|betalactams|Class_C_betalactamases|AZECL ; Drugs|betalactams|Class_C_betalactamases|CMH ; Drugs|betalactams|Class_C_betalactamases|CMY ; Drugs|betalactams|Class_C_betalactamases|MIR | O176: 843 | P176: Yes | Q176: No
A177: gb|WHOQ01000125.1|-|30718-31858|ARO:3007959|ACT-86 | B177: done | E177: 1140 | F177: 97.11 | G177: CARD | H177: Drugs | I177: betalactams | J177: Class C betalactamases | K177: ACT | M177: Mismatch in cluster | N177: Drugs|betalactams|Class_C_betalactamases|ACT ; Drugs|betalactams|Class_C_betalactamases|AZECL ; Drugs|betalactams|Class_C_betalactamases|CMH ; Drugs|betalactams|Class_C_betalactamases|CMY ; Drugs|betalactams|Class_C_betalactamases|MIR | O177: 843 | P177: Yes | Q177: No
A178: gb|PP740466.1|+|0-1143|ARO:3008099|CMH-26 | B178: done | E178: 1143 | F178: 80.49 | G178: CARD | H178: Drugs | I178: betalactams | J178: Class C betalactamases | K178: CMH | M178: Mismatch in cluster | N178: Drugs|betalactams|Class_C_betalactamases|ACT ; Drugs|betalactams|Class_C_betalactamases|AZECL ; Drugs|betalactams|Class_C_betalactamases|CMH ; Drugs|betalactams|Class_C_betalactamases|CMY ; Drugs|betalactams|Class_C_betalactamases|MIR | O178: 843 | P178: Yes | Q178: No
A179: gb|PP740468.1|+|0-1143|ARO:3008101|CMH-28 | B179: done | E179: 1143 | F179: 80.66 | G179: CARD | H179: Drugs | I179: betalactams | J179: Class C betalactamases | K179: CMH | M179: Mismatch in cluster | N179: Drugs|betalactams|Class_C_betalactamases|ACT ; Drugs|betalactams|Class_C_betalactamases|AZECL ; Drugs|betalactams|Class_C_betalactamases|CMH ; Drugs|betalactams|Class_C_betalactamases|CMY ; Drugs|betalactams|Class_C_betalactamases|MIR | O179: 843 | P179: Yes | Q179: No
A180: gb|PP740467.1|+|0-1143|ARO:3008100|CMH-27 | B180: done | E180: 1143 | F180: 80.66 | G180: CARD | H180: Drugs | I180: betalactams | J180: Class C betalactamases | K180: CMH | M180: Mismatch in cluster | N180: Drugs|betalactams|Class_C_betalactamases|ACT ; Drugs|betalactams|Class_C_betalactamases|AZECL ; Drugs|betalactams|Class_C_betalactamases|CMH ; Drugs|betalactams|Class_C_betalactamases|CMY ; Drugs|betalactams|Class_C_betalactamases|MIR | O180: 843 | P180: Yes | Q180: No
A181: gb|PP740485.1|+|0-1143|ARO:3007940|ACT-177 | B181: done | E181: 1143 | F181: 85.21 | G181: CARD | H181: Drugs | I181: betalactams | J181: Class C betalactamases | K181: ACT | M181: Mismatch in cluster | N181: Drugs|betalactams|Class_C_betalactamases|ACT ; Drugs|betalactams|Class_C_betalactamases|AZECL ; Drugs|betalactams|Class_C_betalactamases|CMH ; Drugs|betalactams|Class_C_betalactamases|CMY ; Drugs|betalactams|Class_C_betalactamases|MIR | O181: 843 | P181: Yes | Q181: No
A182: gb|PP740481.1|+|0-1143|ARO:3007936|ACT-173 | B182: done | E182: 1143 | F182: 85.74 | G182: CARD | H182: Drugs | I182: betalactams | J182: Class C betalactamases | K182: ACT | M182: Mismatch in cluster | N182: Drugs|betalactams|Class_C_betalactamases|ACT ; Drugs|betalactams|Class_C_betalactamases|AZECL ; Drugs|betalactams|Class_C_betalactamases|CMH ; Drugs|betalactams|Class_C_betalactamases|CMY ; Drugs|betalactams|Class_C_betalactamases|MIR | O182: 843 | P182: Yes | Q182: No
A183: gb|OR398193.1|+|0-1146|ARO:3008088|CMH-13 | B183: done | E183: 1146 | F183: 80.19 | G183: CARD | H183: Drugs | I183: betalactams | J183: Class C betalactamases | K183: CMH | M183: Mismatch in cluster | N183: Drugs|betalactams|Class_C_betalactamases|ACT ; Drugs|betalactams|Class_C_betalactamases|AZECL ; Drugs|betalactams|Class_C_betalactamases|CMH ; Drugs|betalactams|Class_C_betalactamases|CMY ; Drugs|betalactams|Class_C_betalactamases|MIR | O183: 843 | P183: Yes | Q183: No
A184: gb|PP740472.1|+|0-1146|ARO:3008105|CMH-32 | B184: done | E184: 1146 | F184: 80.19 | G184: CARD | H184: Drugs | I184: betalactams | J184: Class C betalactamases | K184: CMH | M184: Mismatch in cluster | N184: Drugs|betalactams|Class_C_betalactamases|ACT ; Drugs|betalactams|Class_C_betalactamases|AZECL ; Drugs|betalactams|Class_C_betalactamases|CMH ; Drugs|betalactams|Class_C_betalactamases|CMY ; Drugs|betalactams|Class_C_betalactamases|MIR | O184: 843 | P184: Yes | Q184: No
A185: gb|ABFHGH030000056.1|-|17692-18838|ARO:3008110|CMH-9 | B185: done | E185: 1146 | F185: 80.28 | G185: CARD | H185: Drugs | I185: betalactams | J185: Class C betalactamases | K185: CMH | M185: Mismatch in cluster | N185: Drugs|betalactams|Class_C_betalactamases|ACT ; Drugs|betalactams|Class_C_betalactamases|AZECL ; Drugs|betalactams|Class_C_betalactamases|CMH ; Drugs|betalactams|Class_C_betalactamases|CMY ; Drugs|betalactams|Class_C_betalactamases|MIR | O185: 843 | P185: Yes | Q185: No
A186: gb|OQ709072.1|+|0-1146|ARO:3008087|CMH-12 | B186: done | E186: 1146 | F186: 80.37 | G186: CARD | H186: Drugs | I186: betalactams | J186: Class C betalactamases | K186: CMH | M186: Mismatch in cluster | N186: Drugs|betalactams|Class_C_betalactamases|ACT ; Drugs|betalactams|Class_C_betalactamases|AZECL ; Drugs|betalactams|Class_C_betalactamases|CMH ; Drugs|betalactams|Class_C_betalactamases|CMY ; Drugs|betalactams|Class_C_betalactamases|MIR | O186: 843 | P186: Yes | Q186: No
A187: gb|DAJEDZ010000031.1|+|12001-13147|ARO:3008092|CMH-17 | B187: done | E187: 1146 | F187: 80.37 | G187: CARD | H187: Drugs | I187: betalactams | J187: Class C betalactamases | K187: CMH | M187: Mismatch in cluster | N187: Drugs|betalactams|Class_C_betalactamases|ACT ; Drugs|betalactams|Class_C_betalactamases|AZECL ; Drugs|betalactams|Class_C_betalactamases|CMH ; Drugs|betalactams|Class_C_betalactamases|CMY ; Drugs|betalactams|Class_C_betalactamases|MIR | O187: 843 | P187: Yes | Q187: No
... A298: gb|AYIM01000001.1|-|557504-558650|ARO:3007962|ACT-90 | B298: done | E298: 1146 | F298: 98.87 | G298: CARD | H298: Drugs | I298: betalactams | J298: Class C betalactamases | K298: ACT | M298: Mismatch in cluster | N298: Drugs|betalactams|Class_C_betalactamases|ACT ; Drugs|betalactams|Class_C_betalactamases|AZECL ; Drugs|betalactams|Class_C_betalactamases|CMH ; Drugs|betalactams|Class_C_betalactamases|CMY ; Drugs|betalactams|Class_C_betalactamases|MIR | O298: 843 | P298: Yes | Q298: No
A299: gb|ON651452.1|+|0-1137|ARO:3008870|PDC-523 | B299: done | E299: 1137 | F299: 81.35 | G299: CARD | H299: Drugs | I299: betalactams | J299: Class C betalactamases | K299: PDC | M299: Inherited annotations | O299: 894 | P299: Yes | Q299: No
A300: gb|OP131853.1|+|0-1137|ARO:3008875|PDC-528 | B300: done | E300: 1137 | F300: 81.44 | G300: CARD | H300: Drugs | I300: betalactams | J300: Class C betalactamases | K300: PDC | M300: Inherited annotations | O300: 894 | P300: Yes | Q300: No
A301: gb|PP558381.1|+|0-1137|ARO:3008942|PDC-595 | B301: done | E301: 1137 | F301: 81.62 | G301: CARD | H301: Drugs | I301: betalactams | J301: Class C betalactamases | K301: PDC | M301: Inherited annotations | O301: 894 | P301: Yes | Q301: No
A302: gb|PQ203835.1|+|0-1170|ARO:3008966|PDC-619 | B302: done | E302: 1170 | F302: 81.62 | G302: CARD | H302: Drugs | I302: betalactams | J302: Class C betalactamases | K302: PDC | M302: Inherited annotations | O302: 894 | P302: Yes | Q302: No
A303: gb|OR609871.1|+|0-1170|ARO:3008924|PDC-577 | B303: done | E303: 1170 | F303: 82.99 | G303: CARD | H303: Drugs | I303: betalactams | J303: Class C betalactamases | K303: PDC | M303: Inherited annotations | O303: 894 | P303: Yes | Q303: No
A304: gb|OL901277.1|+|0-1173|ARO:3008854|PDC-507 | B304: done | E304: 1173 | F304: 81.5 | G304: CARD | H304: Drugs | I304: betalactams | J304: Class C betalactamases | K304: PDC | M304: Inherited annotations | O304: 894 | P304: Yes | Q304: No
A305: gb|PP328937.1|+|0-1173|ARO:3008937|PDC-590 | B305: done | E305: 1173 | F305: 81.59 | G305: CARD | H305: Drugs | I305: betalactams | J305: Class C betalactamases | K305: PDC | M305: Inherited annotations | O305: 894 | P305: Yes | Q305: No
A306: gb|OR807250.1|+|0-1173|ARO:3008928|PDC-581 | B306: done | E306: 1173 | F306: 81.84 | G306: CARD | H306: Drugs | I306: betalactams | J306: Class C betalactamases | K306: PDC | M306: Inherited annotations | O306: 894 | P306: Yes | Q306: No
A307: gb|OR466748.1|+|0-1173|ARO:3008922|PDC-575 | B307: done | E307: 1173 | F307: 82.61 | G307: CARD | H307: Drugs | I307: betalactams | J307: Class C betalactamases | K307: PDC | M307: Inherited annotations | O307: 894 | P307: Yes | Q307: No
A308: gb|PP328935.1|+|0-1179|ARO:3008935|PDC-588 | B308: done | E308: 1179 | F308: 81.51 | G308: CARD | H308: Drugs | I308: betalactams | J308: Class C betalactamases | K308: PDC | M308: Inherited annotations | O308: 894 | P308: Yes | Q308: No
A309: gb|OR232965.1|+|0-1182|ARO:3008902|PDC-555 | B309: done | E309: 1182 | F309: 81.81 | G309: CARD | H309: Drugs | I309: betalactams | J309: Class C betalactamases | K309: PDC | M309: Inherited annotations | O309: 894 | P309: Yes | Q309: No
A310: gb|ON191577.1|+|0-1182|ARO:3008865|PDC-518 | B310: done | E310: 1182 | F310: 82.32 | G310: CARD | H310: Drugs | I310: betalactams | J310: Class C betalactamases | K310: PDC | M310: Inherited annotations | O310: 894 | P310: Yes | Q310: No
... A463: gb|PQ203836.1|+|0-1194|ARO:3008967|PDC-620 | B463: done | E463: 1194 | F463: 87.86 | G463: CARD | H463: Drugs | I463: betalactams | J463: Class C betalactamases | K463: PDC | M463: Inherited annotations | O463: 931 | P463: Yes | Q463: No
...

Sheet v4_pivot
A1: New_Group | B1: (Multiple Items)
A2: Annotation_Status | B2: (Multiple Items)
A4: Row Labels
A5: AADT | B5: =VLOOKUP(A5,meg_v3!E:E,1,FALSE) -> #N/A
A6: AGRA | B6: =VLOOKUP(A6,meg_v3!E:E,1,FALSE) -> #N/A
A7: AHM | B7: =VLOOKUP(A7,meg_v3!E:E,1,FALSE) -> #N/A
A8: AKO | B8: =VLOOKUP(A8,meg_v3!E:E,1,FALSE) -> #N/A
A9: ALD | B9: =VLOOKUP(A9,meg_v3!E:E,1,FALSE) -> #N/A
A10: ALME | B10: =VLOOKUP(A10,meg_v3!E:E,1,FALSE) -> #N/A
A11: ALMF | B11: =VLOOKUP(A11,meg_v3!E:E,1,FALSE) -> #N/A
A12: AMPR | B12: =VLOOKUP(A12,meg_v3!E:E,1,FALSE) -> #N/A
A13: AMZ | B13: =VLOOKUP(A13,meg_v3!E:E,1,FALSE) -> #N/A
A14: ARSN1 | B14: =VLOOKUP(A14,meg_v3!E:E,1,FALSE) -> #N/A
A15: ARSN2 | B15: =VLOOKUP(A15,meg_v3!E:E,1,FALSE) -> #N/A
A16: ASDC | B16: =VLOOKUP(A16,meg_v3!E:E,1,FALSE) -> #N/A
... A191: Grand Total | B191: =VLOOKUP(A191,meg_v3!E:E,1,FALSE) -> #N/A

Sheet new_annotations_to_collapse
A1: 23S rRNA methyltransferase | B1: New
A2: ABC transporter ATP-binding protein | B2: New
A3: ABC-F ATPase ribosomal protection protein | B3: New
A4: ABC-F ribosomal protection protein | B4: New
A5: Aminoglycoside phosphotransferase | B5: New
A6: Arsenic resistance N-acetyltransferases | B6: New
A7: Arsinothricin resistance N-acetyltransferases | B7: New
A8: Cadmium resistance chaperone | B8: New
A9: Chloramphenicol efflux transporter | B9: New
A10: Chloramphenicol O-acetyltransferase | B10: New
A11: Cycloserine-resistant mutation | B11: New
A12: Cytoplasmic membrane protein | B12: New
... A72: Fluoroquinolones efflux pump mutation | B72: New

Sheet meg_v3
A1: header | B1: type | C1: class | D1: mechanism | E1: group | F1: snp
A2: MEG_1|Drugs|Aminoglycosides|Aminoglycoside-resistant_16S_ribosomal_subunit_protein|A16S|RequiresSNPConfirmation | B2: Drugs | C2: Aminoglycosides | D2: Aminoglycoside-resistant 16S ribosomal subunit protein | E2: A16S | F2: RequiresSNPConfirmation
A3: MEG_2|Drugs|Aminoglycosides|Aminoglycoside-resistant_16S_ribosomal_subunit_protein|A16S|RequiresSNPConfirmation | B3: Drugs | C3: Aminoglycosides | D3: Aminoglycoside-resistant 16S ribosomal subunit protein | E3: A16S | F3: RequiresSNPConfirmation
A4: MEG_3|Drugs|Aminoglycosides|Aminoglycoside-resistant_16S_ribosomal_subunit_protein|A16S|RequiresSNPConfirmation | B4: Drugs | C4: Aminoglycosides | D4: Aminoglycoside-resistant 16S ribosomal subunit protein | E4: A16S | F4: RequiresSNPConfirmation
A5: MEG_4|Drugs|Aminoglycosides|Aminoglycoside-resistant_16S_ribosomal_subunit_protein|A16S|RequiresSNPConfirmation | B5: Drugs | C5: Aminoglycosides | D5: Aminoglycoside-resistant 16S ribosomal subunit protein | E5: A16S | F5: RequiresSNPConfirmation
A6: MEG_5|Drugs|Aminoglycosides|Aminoglycoside-resistant_16S_ribosomal_subunit_protein|A16S|RequiresSNPConfirmation | B6: Drugs | C6: Aminoglycosides | D6: Aminoglycoside-resistant 16S ribosomal subunit protein | E6: A16S | F6: RequiresSNPConfirmation
A7: MEG_6|Drugs|Aminoglycosides|Aminoglycoside-resistant_16S_ribosomal_subunit_protein|A16S|RequiresSNPConfirmation | B7: Drugs | C7: Aminoglycosides | D7: Aminoglycoside-resistant 16S ribosomal subunit protein | E7: A16S | F7: RequiresSNPConfirmation
A8: MEG_7|Drugs|Aminoglycosides|Aminoglycoside-resistant_16S_ribosomal_subunit_protein|A16S|RequiresSNPConfirmation | B8: Drugs | C8: Aminoglycosides | D8: Aminoglycoside-resistant 16S ribosomal subunit protein | E8: A16S | F8: RequiresSNPConfirmation
A9: MEG_8|Drugs|Aminoglycosides|Aminoglycoside-resistant_16S_ribosomal_subunit_protein|A16S|RequiresSNPConfirmation | B9: Drugs | C9: Aminoglycosides | D9: Aminoglycoside-resistant 16S ribosomal subunit protein | E9: A16S | F9: RequiresSNPConfirmation
A10: MEG_9|Drugs|Aminoglycosides|Aminoglycoside-resistant_16S_ribosomal_subunit_protein|A16S|RequiresSNPConfirmation | B10: Drugs | C10: Aminoglycosides | D10: Aminoglycoside-resistant 16S ribosomal subunit protein | E10: A16S | F10: RequiresSNPConfirmation
A11: MEG_10|Drugs|Aminoglycosides|Aminoglycoside-resistant_16S_ribosomal_subunit_protein|A16S|RequiresSNPConfirmation | B11: Drugs | C11: Aminoglycosides | D11: Aminoglycoside-resistant 16S ribosomal subunit protein | E11: A16S | F11: RequiresSNPConfirmation
A12: MEG_11|Drugs|Aminoglycosides|Aminoglycoside-resistant_16S_ribosomal_subunit_protein|A16S|RequiresSNPConfirmation | B12: Drugs | C12: Aminoglycosides | D12: Aminoglycoside-resistant 16S ribosomal subunit protein | E12: A16S | F12: RequiresSNPConfirmation
A13: MEG_12|Drugs|Aminoglycosides|Aminoglycoside-resistant_16S_ribosomal_subunit_protein|A16S|RequiresSNPConfirmation | B13: Drugs | C13: Aminoglycosides | D13: Aminoglycoside-resistant 16S ribosomal subunit protein | E13: A16S | F13: RequiresSNPConfirmation
A14: MEG_13|Drugs|Aminoglycosides|Aminoglycoside_N-acetyltransferases|AAC2-PRIME | B14: Drugs | C14: Aminoglycosides | D14: Aminoglycoside N-acetyltransferases | E14: AAC2-PRIME
A15: MEG_14|Drugs|Aminoglycosides|Aminoglycoside_N-acetyltransferases|AAC2-PRIME | B15: Drugs | C15: Aminoglycosides | D15: Aminoglycoside N-acetyltransferases | E15: AAC2-PRIME
A16: MEG_15|Drugs|Aminoglycosides|Aminoglycoside_N-acetyltransferases|AAC2-PRIME | B16: Drugs | C16: Aminoglycosides | D16: Aminoglycoside N-acetyltransferases | E16: AAC2-PRIME
A17: MEG_16|Drugs|Aminoglycosides|Aminoglycoside_N-acetyltransferases|AAC2-PRIME | B17: Drugs | C17: Aminoglycosides | D17: Aminoglycoside N-acetyltransferases | E17: AAC2-PRIME
A18: MEG_17|Drugs|Aminoglycosides|Aminoglycoside_N-acetyltransferases|AAC2-PRIME | B18: Drugs | C18: Aminoglycosides | D18: Aminoglycoside N-acetyltransferases | E18: AAC2-PRIME
A19: MEG_18|Drugs|Aminoglycosides|Aminoglycoside_N-acetyltransferases|AAC2-PRIME | B19: Drugs | C19: Aminoglycosides | D19: Aminoglycoside N-acetyltransferases | E19: AAC2-PRIME
A20: MEG_19|Drugs|Aminoglycosides|Aminoglycoside_N-acetyltransferases|AAC2-PRIME | B20: Drugs | C20: Aminoglycosides | D20: Aminoglycoside N-acetyltransferases | E20: AAC2-PRIME
A21: MEG_20|Drugs|Aminoglycosides|Aminoglycoside_N-acetyltransferases|AAC3 | B21: Drugs | C21: Aminoglycosides | D21: Aminoglycoside N-acetyltransferases | E21: AAC3
A22: MEG_21|Drugs|Aminoglycosides|Aminoglycoside_N-acetyltransferases|AAC3 | B22: Drugs | C22: Aminoglycosides | D22: Aminoglycoside N-acetyltransferases | E22: AAC3
A23: MEG_22|Drugs|Aminoglycosides|Aminoglycoside_N-acetyltransferases|AAC3 | B23: Drugs | C23: Aminoglycosides | D23: Aminoglycoside N-acetyltransferases | E23: AAC3
A24: MEG_23|Drugs|Aminoglycosides|Aminoglycoside_N-acetyltransferases|AAC3 | B24: Drugs | C24: Aminoglycosides | D24: Aminoglycoside N-acetyltransferases | E24: AAC3
A25: MEG_24|Drugs|Aminoglycosides|Aminoglycoside_N-acetyltransferases|AAC3 | B25: Drugs | C25: Aminoglycosides | D25: Aminoglycoside N-acetyltransferases | E25: AAC3
... A410: MEG_410|Multi-compound|Drug_and_biocide_resistance|Drug_and_biocide_RND_efflux_pumps|ACRF | B410: Multi-compound | C410: Drug and biocide resistance | D410: Drug and biocide RND efflux pumps | E410: ACRF
A411: MEG_411|Multi-compound|Drug_and_biocide_resistance|Drug_and_biocide_RND_efflux_regulator|ACRR|RequiresSNPConfirmation | B411: Multi-compound | C411: Drug and biocide resistance | D411: Drug and biocide RND efflux regulator | E411: ACRR | F411: RequiresSNPConfirmation
A412: MEG_412|Multi-compound|Drug_and_biocide_resistance|Drug_and_biocide_RND_efflux_regulator|ACRR|RequiresSNPConfirmation | B412: Multi-compound | C412: Drug and biocide resistance | D412: Drug and biocide RND efflux regulator | E412: ACRR | F412: RequiresSNPConfirmation
A413: MEG_413|Multi-compound|Drug_and_biocide_resistance|Drug_and_biocide_RND_efflux_regulator|ACRR|RequiresSNPConfirmation | B413: Multi-compound | C413: Drug and biocide resistance | D413: Drug and biocide RND efflux regulator | E413: ACRR | F413: RequiresSNPConfirmation
A414: MEG_414|Multi-compound|Drug_and_biocide_resistance|Drug_and_biocide_RND_efflux_regulator|ACRR|RequiresSNPConfirmation | B414: Multi-compound | C414: Drug and biocide resistance | D414: Drug and biocide RND efflux regulator | E414: ACRR | F414: RequiresSNPConfirmation
A415: MEG_415|Multi-compound|Drug_and_biocide_resistance|Drug_and_biocide_RND_efflux_regulator|ACRS | B415: Multi-compound | C415: Drug and biocide resistance | D415: Drug and biocide RND efflux regulator | E415: ACRS
A416: MEG_416|Drugs|betalactams|Class_C_betalactamases|ACT | B416: Drugs | C416: betalactams | D416: Class C betalactamases | E416: ACT
A417: MEG_417|Drugs|betalactams|Class_C_betalactamases|ACT | B417: Drugs | C417: betalactams | D417: Class C betalactamases | E417: ACT
A418: MEG_418|Drugs|betalactams|Class_C_betalactamases|ACT | B418: Drugs | C418: betalactams | D418: Class C betalactamases | E418: ACT
A419: MEG_419|Drugs|betalactams|Class_C_betalactamases|ACT | B419: Drugs | C419: betalactams | D419: Class C betalactamases | E419: ACT
A420: MEG_420|Drugs|betalactams|Class_C_betalactamases|ACT | B420: Drugs | C420: betalactams | D420: Class C betalactamases | E420: ACT
A421: MEG_421|Drugs|betalactams|Class_C_betalactamases|ACT | B421: Drugs | C421: betalactams | D421: Class C betalactamases | E421: ACT
A422: MEG_422|Drugs|betalactams|Class_C_betalactamases|ACT | B422: Drugs | C422: betalactams | D422: Class C betalactamases | E422: ACT
A423: MEG_423|Drugs|betalactams|Class_C_betalactamases|ACT | B423: Drugs | C423: betalactams | D423: Class C betalactamases | E423: ACT
A424: MEG_424|Drugs|betalactams|Class_C_betalactamases|ACT | B424: Drugs | C424: betalactams | D424: Class C betalactamases | E424: ACT
A425: MEG_425|Drugs|betalactams|Class_C_betalactamases|ACT | B425: Drugs | C425: betalactams | D425: Class C betalactamases | E425: ACT
A426: MEG_426|Drugs|betalactams|Class_C_betalactamases|ACT | B426: Drugs | C426: betalactams | D426: Class C betalactamases | E426: ACT
... A1186: MEG_1186|Multi-compound|Drug_and_biocide_resistance|Drug_and_biocide_RND_efflux_pumps|AXY | B1186: Multi-compound | C1186: Drug and biocide resistance | D1186: Drug and biocide RND efflux pumps | E1186: AXY
A1187: MEG_1187|Multi-compound|Drug_and_biocide_resistance|Drug_and_biocide_RND_efflux_pumps|AXYZ|RequiresSNPConfirmation | B1187: Multi-compound | C1187: Drug and biocide resistance | D1187: Drug and biocide RND efflux pumps | E1187: AXYZ | F1187: RequiresSNPConfirmation
A1188: MEG_1188|Drugs|betalactams|Class_C_betalactamases|AZECL | B1188: Drugs | C1188: betalactams | D1188: Class C betalactamases | E1188: AZECL
A1189: MEG_1189|Drugs|Bacitracin|Undecaprenyl_pyrophosphate_phosphatase|BACA | B1189: Drugs | C1189: Bacitracin | D1189: Undecaprenyl pyrophosphate phosphatase | E1189: BACA
A1190: MEG_1190|Drugs|Bacitracin|Undecaprenyl_pyrophosphate_phosphatase|BACA | B1190: Drugs | C1190: Bacitracin | D1190: Undecaprenyl pyrophosphate phosphatase | E1190: BACA
A1191: MEG_1191|Multi-compound|Drug_and_biocide_and_metal_resistance|Drug_and_biocide_and_metal_RND_efflux_regulator|BAER | B1191: Multi-compound | C1191: Drug and biocide and metal resistance | D1191: Drug and biocide and metal RND efflux regulator | E1191: BAER
A1192: MEG_1192|Multi-compound|Drug_and_biocide_and_metal_resistance|Drug_and_biocide_and_metal_RND_efflux_regulator|BAER | B1192: Multi-compound | C1192: Drug and biocide and metal resistance | D1192: Drug and biocide and metal RND efflux regulator | E1192: BAER
A1193: MEG_1193|Multi-compound|Drug_and_biocide_and_metal_resistance|Drug_and_biocide_and_metal_RND_efflux_regulator|BAES | B1193: Multi-compound | C1193: Drug and biocide and metal resistance | D1193: Drug and biocide and metal RND efflux regulator | E1193: BAES
A1194: MEG_1194|Multi-compound|Drug_and_biocide_and_metal_resistance|Drug_and_biocide_and_metal_RND_efflux_regulator|BAES | B1194: Multi-compound | C1194: Drug and biocide and metal resistance | D1194: Drug and biocide and metal RND efflux regulator | E1194: BAES
A1195: MEG_1195|Multi-compound|Drug_and_biocide_and_metal_resistance|Drug_and_biocide_and_metal_RND_efflux_regulator|BAES | B1195: Multi-compound | C1195: Drug and biocide and metal resistance | D1195: Drug and biocide and metal RND efflux regulator | E1195: BAES
A1196: MEG_1196|Drugs|Bacitracin|Undecaprenyl_pyrophosphate_phosphatase|BAHA | B1196: Drugs | C1196: Bacitracin | D1196: Undecaprenyl pyrophosphate phosphatase | E1196: BAHA
A1197: MEG_1197|Drugs|Cationic_antimicrobial_peptides|Polymyxin_B_resistance_regulator|BASRS|RequiresSNPConfirmation | B1197: Drugs | C1197: Cationic antimicrobial peptides | D1197: Polymyxin B resistance regulator | E1197: BASRS | F1197: RequiresSNPConfirmation
A1198: MEG_1198|Drugs|Cationic_antimicrobial_peptides|Polymyxin_B_resistance_regulator|BASRS | B1198: Drugs | C1198: Cationic antimicrobial peptides | D1198: Polymyxin B resistance regulator | E1198: BASRS
A1199: MEG_1199|Drugs|betalactams|Class_D_betalactamases|BAT | B1199: Drugs | C1199: betalactams | D1199: Class D betalactamases | E1199: BAT
A1200: MEG_1200|Drugs|betalactams|Class_A_betalactamases|BBI | B1200: Drugs | C1200: betalactams | D1200: Class A betalactamases | E1200: BBI
A1201: MEG_1201|Drugs|betalactams|Class_B_betalactamases|BC | B1201: Drugs | C1201: betalactams | D1201: Class B betalactamases | E1201: BC
A1202: MEG_1202|Drugs|betalactams|Class_B_betalactamases|BCII | B1202: Drugs | C1202: betalactams | D1202: Class B betalactamases | E1202: BCII
A1203: MEG_1203|Drugs|betalactams|Class_B_betalactamases|BCII | B1203: Drugs | C1203: betalactams | D1203: Class B betalactamases | E1203: BCII
A1204: MEG_1204|Drugs|betalactams|Class_B_betalactamases|BCII | B1204: Drugs | C1204: betalactams | D1204: Class B betalactamases | E1204: BCII
A1205: MEG_1205|Drugs|betalactams|Class_B_betalactamases|BCII | B1205: Drugs | C1205: betalactams | D1205: Class B betalactamases | E1205: BCII
A1206: MEG_1206|Drugs|betalactams|Class_B_betalactamases|BCII | B1206: Drugs | C1206: betalactams | D1206: Class B betalactamases | E1206: BCII
A1207: MEG_1207|Drugs|betalactams|Class_A_betalactamases|BCL | B1207: Drugs | C1207: betalactams | D1207: Class A betalactamases | E1207: BCL
A1208: MEG_1208|Drugs|betalactams|Class_A_betalactamases|BCL | B1208: Drugs | C1208: betalactams | D1208: Class A betalactamases | E1208: BCL
A1209: MEG_1209|Multi-compound|Drug_and_biocide_resistance|Drug_and_biocide_MFS_efflux_pumps|BCR | B1209: Multi-compound | C1209: Drug and biocide resistance | D1209: Drug and biocide MFS efflux pumps | E1209: BCR
... A1489: MEG_1489|Drugs|betalactams|Class_B_betalactamases|CAM | B1489: Drugs | C1489: betalactams | D1489: Class B betalactamases | E1489: CAM
A1490: MEG_1490|Drugs|Cationic_antimicrobial_peptides|Cationic_peptide-resistant_16S_ribosomal_subunit_protein|CAP16S|RequiresSNPConfirmation | B1490: Drugs | C1490: Cationic antimicrobial peptides | D1490: Cationic peptide-resistant 16S ribosomal subunit protein | E1490: CAP16S | F1490: RequiresSNPConfirmation
A1491: MEG_1491|Drugs|Multi-drug_resistance|Multi-drug_ABC_efflux_pumps|CARA | B1491: Drugs | C1491: Multi-drug resistance | D1491: Multi-drug ABC efflux pumps | E1491: CARA
A1492: MEG_1492|Drugs|betalactams|Class_A_betalactamases|CARB | B1492: Drugs | C1492: betalactams | D1492: Class A betalactamases | E1492: CARB
A1493: MEG_1493|Drugs|betalactams|Class_A_betalactamases|CARB | B1493: Drugs | C1493: betalactams | D1493: Class A betalactamases | E1493: CARB
A1494: MEG_1494|Drugs|betalactams|Class_A_betalactamases|CARB | B1494: Drugs | C1494: betalactams | D1494: Class A betalactamases | E1494: CARB
A1495: MEG_1495|Drugs|betalactams|Class_A_betalactamases|CARB | B1495: Drugs | C1495: betalactams | D1495: Class A betalactamases | E1495: CARB
A1496: MEG_1496|Drugs|betalactams|Class_A_betalactamases|CARB | B1496: Drugs | C1496: betalactams | D1496: Class A betalactamases | E1496: CARB
A1497: MEG_1497|Drugs|betalactams|Class_A_betalactamases|CARB | B1497: Drugs | C1497: betalactams | D1497: Class A betalactamases | E1497: CARB
A1498: MEG_1498|Drugs|betalactams|Class_A_betalactamases|CARB | B1498: Drugs | C1498: betalactams | D1498: Class A betalactamases | E1498: CARB
A1499: MEG_1499|Drugs|betalactams|Class_A_betalactamases|CARB | B1499: Drugs | C1499: betalactams | D1499: Class A betalactamases | E1499: CARB
A1500: MEG_1500|Drugs|betalactams|Class_A_betalactamases|CARB | B1500: Drugs | C1500: betalactams | D1500: Class A betalactamases | E1500: CARB
A1501: MEG_1501|Drugs|betalactams|Class_A_betalactamases|CARB | B1501: Drugs | C1501: betalactams | D1501: Class A betalactamases | E1501: CARB
A1502: MEG_1502|Drugs|betalactams|Class_A_betalactamases|CARB | B1502: Drugs | C1502: betalactams | D1502: Class A betalactamases | E1502: CARB
... A1593: MEG_1593|Drugs|Phenicol|Chloramphenicol_acetyltransferases|CATA | B1593: Drugs | C1593: Phenicol | D1593: Chloramphenicol acetyltransferases | E1593: CATA
A1594: MEG_1594|Drugs|Phenicol|Chloramphenicol_acetyltransferases|CATB|RequiresSNPConfirmation | B1594: Drugs | C1594: Phenicol | D1594: Chloramphenicol acetyltransferases | E1594: CATB | F1594: RequiresSNPConfirmation
A1595: MEG_1595|Drugs|Phenicol|Chloramphenicol_acetyltransferases|CATB|RequiresSNPConfirmation | B1595: Drugs | C1595: Phenicol | D1595: Chloramphenicol acetyltransferases | E1595: CATB | F1595: RequiresSNPConfirmation
A1596: MEG_1596|Drugs|Phenicol|Chloramphenicol_acetyltransferases|CATB|RequiresSNPConfirmation | B1596: Drugs | C1596: Phenicol | D1596: Chloramphenicol acetyltransferases | E1596: CATB | F1596: RequiresSNPConfirmation
A1597: MEG_1597|Drugs|Phenicol|Chloramphenicol_acetyltransferases|CATB|RequiresSNPConfirmation | B1597: Drugs | C1597: Phenicol | D1597: Chloramphenicol acetyltransferases | E1597: CATB | F1597: RequiresSNPConfirmation
A1598: MEG_1598|Drugs|Phenicol|Chloramphenicol_acetyltransferases|CATB|RequiresSNPConfirmation | B1598: Drugs | C1598: Phenicol | D1598: Chloramphenicol acetyltransferases | E1598: CATB | F1598: RequiresSNPConfirmation
A1599: MEG_1599|Drugs|Phenicol|Chloramphenicol_acetyltransferases|CATB|RequiresSNPConfirmation | B1599: Drugs | C1599: Phenicol | D1599: Chloramphenicol acetyltransferases | E1599: CATB | F1599: RequiresSNPConfirmation
A1600: MEG_1600|Drugs|Phenicol|Chloramphenicol_acetyltransferases|CATB|RequiresSNPConfirmation | B1600: Drugs | C1600: Phenicol | D1600: Chloramphenicol acetyltransferases | E1600: CATB | F1600: RequiresSNPConfirmation
A1601: MEG_1601|Drugs|Phenicol|Chloramphenicol_acetyltransferases|CATB|RequiresSNPConfirmation | B1601: Drugs | C1601: Phenicol | D1601: Chloramphenicol acetyltransferases | E1601: CATB | F1601: RequiresSNPConfirmation
A1602: MEG_1602|Drugs|Phenicol|Chloramphenicol_acetyltransferases|CATB|RequiresSNPConfirmation | B1602: Drugs | C1602: Phenicol | D1602: Chloramphenicol acetyltransferases | E1602: CATB | F1602: RequiresSNPConfirmation
A1603: MEG_1603|Drugs|Phenicol|Chloramphenicol_acetyltransferases|CATB|RequiresSNPConfirmation | B1603: Drugs | C1603: Phenicol | D1603: Chloramphenicol acetyltransferases | E1603: CATB | F1603: RequiresSNPConfirmation
A1604: MEG_1604|Drugs|Phenicol|Chloramphenicol_acetyltransferases|CATB|RequiresSNPConfirmation | B1604: Drugs | C1604: Phenicol | D1604: Chloramphenicol acetyltransferases | E1604: CATB | F1604: RequiresSNPConfirmation
A1605: MEG_1605|Drugs|Phenicol|Chloramphenicol_acetyltransferases|CATB|RequiresSNPConfirmation | B1605: Drugs | C1605: Phenicol | D1605: Chloramphenicol acetyltransferases | E1605: CATB | F1605: RequiresSNPConfirmation
... A1632: MEG_1632|Drugs|Phenicol|Chloramphenicol_acetyltransferases|CATP|RequiresSNPConfirmation | B1632: Drugs | C1632: Phenicol | D1632: Chloramphenicol acetyltransferases | E1632: CATP | F1632: RequiresSNPConfirmation
A1633: MEG_1633|Drugs|Phenicol|Chloramphenicol_acetyltransferases|CATS | B1633: Drugs | C1633: Phenicol | D1633: Chloramphenicol acetyltransferases | E1633: CATS
A1634: MEG_1634|Drugs|betalactams|Class_B_betalactamases|CAU | B1634: Drugs | C1634: betalactams | D1634: Class B betalactamases | E1634: CAU
A1635: MEG_1635|Drugs|betalactams|Class_B_betalactamases|CAU | B1635: Drugs | C1635: betalactams | D1635: Class B betalactamases | E1635: CAU
A1636: MEG_1636|Drugs|betalactams|Class_A_betalactamases|CBLA | B1636: Drugs | C1636: betalactams | D1636: Class A betalactamases | E1636: CBLA
A1637: MEG_1637|Drugs|betalactams|Class_A_betalactamases|CBLA | B1637: Drugs | C1637: betalactams | D1637: Class A betalactamases | E1637: CBLA
A1638: MEG_1638|Drugs|betalactams|Class_A_betalactamases|CBP | B1638: Drugs | C1638: betalactams | D1638: Class A betalactamases | E1638: CBP
...
